time,node_network,node_bloom,node_witness,node_compact_filters,node_network_limited,node_p2p_v2
2022-10-11,13224,5125,14593,863,14510,4
2022-10-12,13511,5343,14913,893,14836,3
2022-10-13,13489,5276,14935,886,14846,3
2022-10-14,13064,5057,14407,838,14329,3
2022-10-15,13546,5244,14913,882,14825,3
2022-10-16,13460,5248,14810,895,14728,3
2022-10-17,13403,5214,14775,871,14686,3
2022-10-18,13345,5174,14686,876,14601,4
2022-10-19,13191,5125,14508,866,14430,5
2022-10-20,13423,5180,14787,891,14707,6
2022-10-21,12855,4922,14158,835,14078,3
2022-10-22,13523,5208,14863,903,14779,5
2022-10-23,13568,5230,14931,912,14842,6
2022-10-24,13547,5206,14888,905,14804,4
2022-10-25,13538,5234,14870,907,14787,5
2022-10-26,13519,5223,14857,930,14776,6
2022-10-27,13626,5227,14974,928,14895,6
2022-10-28,13420,5187,14768,903,14682,7
2022-10-29,13901,5357,15334,940,15255,5
2022-10-30,13850,5399,15310,957,15226,5
2022-10-31,13819,5367,15289,945,15203,5
2022-11-01,13678,5334,15155,940,15064,6
2022-11-02,13731,5328,15215,944,15124,5
2022-11-03,13583,5278,15112,964,15027,8
2022-11-04,13631,5312,15142,961,15057,13
2022-11-05,13837,5337,15351,970,15269,12
2022-11-06,13917,5360,15414,959,15326,11
2022-11-07,13846,5362,15320,972,15235,15
2022-11-08,13809,5345,15281,945,15202,11
2022-11-09,13646,5289,15126,927,15040,12
2022-11-10,13683,5329,15173,943,15092,12
2022-11-11,13824,5321,15263,941,15180,12
2022-11-12,13972,5331,15458,959,15373,11
2022-11-13,13386,5101,14803,910,14715,7
2022-11-14,13976,5249,15381,938,15296,7
2022-11-15,13662,5204,15072,915,14995,8
2022-11-16,13728,5215,15156,932,15075,11
2022-11-17,13559,5137,14940,913,14859,10
2022-11-18,13707,5149,15127,936,15050,9
2022-11-19,13750,5211,15201,918,15110,10
2022-11-20,13583,5139,15031,921,14947,10
2022-11-21,13766,5211,15244,943,15160,9
2022-11-22,13596,5107,15034,916,14950,9
2022-11-23,13789,5224,15265,949,15184,9
2022-11-24,13695,5199,15179,959,15096,12
2022-11-25,13694,5180,15170,947,15085,11
2022-11-26,13780,5199,15267,924,15174,10
2022-11-27,13886,5185,15345,939,15264,12
2022-11-28,13678,5040,15075,899,14996,10
2022-11-29,13835,5137,15273,933,15192,10
2022-11-30,13864,5180,15297,931,15211,9
2022-12-01,13914,5189,15325,938,15240,9
2022-12-02,13973,5197,15412,966,15329,6
2022-12-03,13838,5127,15293,924,15209,6
2022-12-04,13718,5042,15160,924,15075,9
2022-12-05,13845,5136,15265,943,15178,8
2022-12-06,13721,5050,15138,916,15049,11
2022-12-07,13791,5131,15221,938,15137,10
2022-12-08,13778,5120,15254,940,15170,11
2022-12-09,13770,5114,15219,963,15132,12
2022-12-10,13714,5054,15183,921,15097,12
2022-12-11,13630,5068,15094,906,15014,7
2022-12-12,13588,5018,15034,934,14952,8
2022-12-13,13683,5084,15138,945,15052,9
2022-12-14,13541,5022,14974,921,14890,7
2022-12-15,13703,5033,15131,943,15046,11
2022-12-16,13566,4982,15011,888,14927,12
2022-12-17,13605,4984,15045,899,14964,15
2022-12-18,13563,4954,15002,895,14918,13
2022-12-19,13465,4913,14896,882,14813,14
2022-12-20,13578,4940,15047,886,14968,11
2022-12-21,13629,4951,15095,887,15010,13
2022-12-22,13625,4961,15093,903,15012,13
2022-12-23,13694,5020,15193,981,15114,16
2022-12-24,13734,5043,15214,1036,15131,16
2022-12-25,13610,5031,15098,990,15018,15
2022-12-26,13665,5037,15164,1049,15078,14
2022-12-27,13785,5071,15279,1064,15195,13
2022-12-28,13822,5084,15334,1059,15245,12
2022-12-29,13848,5111,15362,1098,15279,15
2022-12-30,13848,5109,15349,1100,15261,14
2022-12-31,13941,5140,15440,1136,15355,13
2023-01-01,13975,5163,15490,1151,15399,14
2023-01-02,13896,5135,15411,1136,15326,13
2023-01-03,14034,5176,15533,1151,15452,12
2023-01-04,14038,5188,15533,1161,15452,15
2023-01-05,13900,5167,15366,1184,15289,14
2023-01-06,13946,5223,15439,1202,15366,14
2023-01-07,14075,5253,15566,1201,15488,15
2023-01-08,14137,5301,15649,1235,15572,15
2023-01-09,13928,5212,15435,1237,15357,13
2023-01-10,13965,5241,15440,1253,15360,15
2023-01-11,13913,5255,15376,1258,15298,15
2023-01-12,14112,5324,15593,1304,15512,14
2023-01-13,14296,5362,15797,1301,15717,13
2023-01-14,14315,5381,15812,1315,15731,13
2023-01-15,14195,5282,15691,1286,15610,13
2023-01-16,14275,5310,15743,1304,15665,14
2023-01-17,14236,5337,15718,1338,15638,13
2023-01-18,14293,5368,15797,1334,15715,10
2023-01-19,14339,5386,15817,1362,15739,11
2023-01-20,14308,5337,15820,1351,15743,11
2023-01-21,14146,5338,15650,1391,15572,13
2023-01-22,14158,5363,15663,1363,15587,19
2023-01-23,14199,5366,15698,1398,15618,17
2023-01-24,14330,5357,15823,1382,15745,17
2023-01-25,14379,5381,15882,1387,15804,14
2023-01-26,14356,5381,15868,1367,15783,19
2023-01-27,14322,5379,15818,1421,15744,19
2023-01-28,14239,5373,15673,1449,15600,16
2023-01-29,14121,5321,15562,1402,15479,18
2023-01-30,14188,5372,15621,1401,15551,15
2023-01-31,14295,5425,15756,1460,15681,14
2023-02-01,14328,5422,15838,1491,15762,14
2023-02-02,14611,5499,16131,1496,16050,17
2023-02-03,14520,5518,16027,1533,15951,15
2023-02-04,14376,5487,15903,1562,15826,16
2023-02-05,14432,5425,15954,1484,15872,17
2023-02-06,14235,5353,15730,1426,15651,15
2023-02-07,14441,5423,15957,1465,15877,16
2023-02-08,14189,5301,15709,1362,15632,16
2023-02-09,14250,5387,15780,1465,15705,12
2023-02-10,14387,5414,15928,1485,15851,15
2023-02-11,14409,5414,15946,1501,15863,13
2023-02-12,14521,5402,16061,1512,15982,14
2023-02-13,14561,5433,16115,1543,16044,15
2023-02-14,14393,5317,15917,1440,15839,15
2023-02-15,14486,5340,15997,1420,15914,14
2023-02-16,14264,5266,15783,1445,15706,15
2023-02-17,14483,5333,16007,1475,15926,15
2023-02-18,14218,5258,15748,1468,15674,16
2023-02-19,14330,5302,15850,1475,15770,15
2023-02-20,14428,5354,15959,1485,15885,15
2023-02-21,14392,5321,15909,1465,15837,13
2023-02-22,14475,5351,16005,1501,15932,14
2023-02-23,14551,5361,16072,1518,15999,12
2023-02-24,14535,5391,16100,1567,16027,12
2023-02-25,14465,5389,16011,1538,15939,14
2023-02-26,14808,5460,16368,1580,16291,10
2023-02-27,14335,5383,15876,1546,15805,13
2023-02-28,14934,5547,16490,1585,16412,15
2023-03-01,14591,5517,16127,1581,16052,12
2023-03-02,14893,5532,16420,1631,16342,18
2023-03-03,14733,5520,16269,1661,16200,18
2023-03-04,14578,5466,16132,1617,16061,21
2023-03-05,14437,5403,15964,1614,15887,22
2023-03-06,14646,5516,16216,1650,16136,18
2023-03-07,14793,5540,16366,1703,16294,17
2023-03-08,14972,5606,16528,1702,16453,19
2023-03-09,14942,5567,16524,1676,16453,19
2023-03-10,14908,5658,16458,1726,16382,17
2023-03-11,14709,5579,16249,1674,16174,18
2023-03-12,14627,5636,16183,1712,16105,14
2023-03-13,14610,5583,16182,1701,16114,16
2023-03-14,14544,5538,16088,1697,16014,18
2023-03-15,14497,5602,16045,1748,15974,19
2023-03-16,14403,5537,15963,1707,15891,18
2023-03-17,14367,5525,15926,1751,15854,16
2023-03-18,14635,5608,16169,1748,16094,16
2023-03-19,14535,5602,16095,1769,16026,18
2023-03-20,15366,5786,16936,1803,16862,17
2023-03-21,15660,6464,17242,1773,17171,19
2023-03-22,15727,6485,17281,1815,17203,16
2023-03-23,15262,6397,16803,1795,16730,18
2023-03-24,15424,6387,16993,1778,16916,16
2023-03-25,15696,6469,17236,1819,17163,15
2023-03-26,15623,6426,17170,1805,17094,16
2023-03-27,15318,6382,16872,1812,16798,14
2023-03-28,15301,6375,16825,1831,16750,16
2023-03-29,15551,6468,17095,1892,17023,17
2023-03-30,15598,6495,17169,1912,17096,18
2023-03-31,15683,6500,17260,1904,17187,15
2023-04-01,15564,6456,17167,1930,17085,19
2023-04-02,15600,6454,17141,1894,17059,18
2023-04-03,15548,6427,17138,1876,17061,18
2023-04-04,15798,6522,17392,1986,17312,18
2023-04-05,15726,6516,17306,2004,17228,19
2023-04-06,15431,6430,17010,1929,16930,16
2023-04-07,15579,6503,17191,1991,17113,18
2023-04-08,15782,6544,17362,1965,17284,18
2023-04-09,15453,6420,17015,1938,16935,17
2023-04-10,16074,6647,17690,1984,17601,17
2023-04-11,16055,6603,17636,2003,17553,17
2023-04-12,15976,6553,17569,1976,17485,16
2023-04-13,15569,6469,17181,1981,17099,18
2023-04-14,15534,6423,17175,1999,17098,19
2023-04-15,15347,6371,16956,1977,16881,17
2023-04-16,15556,6427,17189,2008,17110,16
2023-04-17,15375,6314,16998,1970,16918,16
2023-04-18,15524,6368,17142,2039,17063,17
2023-04-19,15647,6427,17296,2040,17220,16
2023-04-20,15582,6426,17235,2026,17162,20
2023-04-21,15389,6425,17024,2021,16949,18
2023-04-22,15391,6357,17022,2001,16947,17
2023-04-23,15539,6355,17160,1978,17080,16
2023-04-24,15904,6514,17536,2052,17460,13
2023-04-25,15934,6544,17598,2104,17518,14
2023-04-26,15661,6475,17236,2058,17159,17
2023-04-27,15673,6456,17289,2089,17215,15
2023-04-28,15702,6498,17308,2107,17229,12
2023-04-29,15752,6490,17359,2092,17281,8
2023-04-30,14956,6005,16512,1655,16429,4
2023-05-01,14664,5920,16167,1570,16089,4
2023-05-02,14655,5940,16170,1577,16086,4
2023-05-03,14325,5848,15791,1570,15717,7
2023-05-04,14410,5900,15890,1571,15808,6
2023-05-05,14702,6087,16200,1726,16123,6
2023-05-06,14450,5980,15896,1669,15815,6
2023-05-07,13962,6014,15276,1695,15203,5
2023-05-08,12673,5844,13829,1605,13757,6
2023-05-09,12848,5939,13979,1685,13905,4
2023-05-10,12932,5938,14085,1720,14010,6
2023-05-11,13010,5945,14191,1758,14114,7
2023-05-12,13325,6029,14583,1847,14513,5
2023-05-13,13511,6129,14749,1880,14675,5
2023-05-14,13677,6109,14950,1881,14882,7
2023-05-15,13707,6145,15030,1937,14965,4
2023-05-16,13794,6167,15114,1942,15046,5
2023-05-17,14049,6189,15416,1956,15346,5
2023-05-18,14206,6220,15589,2012,15519,5
2023-05-19,14064,6191,15451,2024,15380,4
2023-05-20,14312,6299,15705,2058,15631,7
2023-05-21,14317,6273,15718,2045,15651,5
2023-05-22,14514,6282,15907,2057,15838,5
2023-05-23,14259,6167,15648,1985,15580,7
2023-05-24,14440,6181,15867,2018,15802,5
2023-05-25,14679,6250,16129,2094,16062,6
2023-05-26,14667,6265,16101,2135,16029,4
2023-05-27,14811,6314,16276,2146,16206,6
2023-05-28,14739,6219,16214,2058,16141,4
2023-05-29,14862,6316,16366,2155,16300,4
2023-05-30,14814,6275,16293,2143,16225,5
2023-05-31,14891,6323,16382,2176,16310,5
2023-06-01,15116,6367,16653,2220,16584,4
2023-06-02,15065,6297,16582,2191,16513,3
2023-06-03,14574,6252,16038,2212,15975,3
2023-06-04,15033,6348,16549,2231,16481,6
2023-06-05,15141,6360,16683,2255,16622,4
2023-06-06,15188,6349,16750,2253,16683,5
2023-06-07,15069,6324,16608,2265,16546,4
2023-06-08,15263,6359,16814,2304,16747,4
2023-06-09,15030,6294,16595,2279,16531,5
2023-06-10,15338,6379,16946,2305,16882,5
2023-06-11,15371,6359,16975,2279,16908,5
2023-06-12,15269,6331,16873,2269,16809,4
2023-06-13,15430,6396,17027,2328,16959,6
2023-06-14,15356,6412,16936,2367,16877,5
2023-06-15,15200,6367,16786,2342,16728,3
2023-06-16,15224,6364,16837,2380,16773,2
2023-06-17,15156,6357,16762,2363,16704,3
2023-06-18,15109,6311,16726,2321,16662,2
2023-06-19,14939,6243,16537,2311,16484,2
2023-06-20,15225,6339,16825,2361,16759,2
2023-06-21,15093,6302,16696,2382,16637,1
2023-06-22,14939,6193,16553,2303,16489,2
2023-06-23,15012,6265,16635,2336,16569,1
2023-06-24,14937,6182,16564,2296,16497,2
2023-06-25,14937,6182,16564,2296,16497,2
2023-06-26,14918,6090,16535,2231,16469,2
2023-06-27,15105,6224,16733,2330,16672,2
2023-06-28,15245,6272,16867,2378,16802,2
2023-06-29,15215,6272,16849,2369,16787,2
2023-06-30,15039,6203,16678,2346,16617,2
2023-07-01,14991,6187,16608,2368,16552,3
2023-07-02,14920,6187,16502,2379,16439,3
2023-07-03,15210,6215,16837,2355,16782,3
2023-07-04,15250,6203,16869,2318,16819,2
2023-07-05,15200,6234,16822,2343,16764,2
2023-07-06,15211,6201,16810,2325,16756,2
2023-07-07,15056,6160,16665,2280,16609,3
2023-07-08,14999,6152,16622,2294,16562,2
2023-07-09,14958,6162,16557,2288,16496,3
2023-07-10,14935,6153,16540,2285,16481,3
2023-07-11,15095,6198,16703,2331,16643,3
2023-07-12,15113,6170,16722,2365,16660,3
2023-07-13,14958,6167,16573,2344,16515,3
2023-07-14,15138,6207,16743,2369,16685,2
2023-07-15,15035,6172,16674,2343,16615,2
2023-07-16,15153,6195,16770,2343,16714,3
2023-07-17,15088,6157,16752,2344,16698,3
2023-07-18,15055,6145,16683,2330,16628,4
2023-07-19,15225,6208,16863,2387,16802,4
2023-07-20,15160,6195,16803,2411,16742,3
2023-07-21,15207,6245,16861,2463,16804,3
2023-07-22,15062,6115,16667,2389,16612,3
2023-07-23,15264,6179,16902,2427,16850,3
2023-07-24,15334,6220,16961,2457,16909,3
2023-07-25,15337,6256,16971,2471,16917,3
2023-07-26,15261,6241,16928,2484,16875,3
2023-07-27,15254,6206,16910,2479,16856,4
2023-07-28,15255,6246,16910,2499,16856,3
2023-07-29,15288,6229,16954,2480,16903,4
2023-07-30,15315,6234,16965,2474,16911,3
2023-07-31,15057,6159,16687,2430,16635,3
2023-08-01,15214,6246,16880,2518,16824,3
2023-08-02,15141,6247,16748,2513,16698,3
2023-08-03,15149,6258,16786,2560,16736,3
2023-08-04,15112,6210,16737,2522,16684,3
2023-08-05,15135,6235,16736,2515,16687,3
2023-08-06,14835,6262,16359,2477,16306,4
2023-08-07,14305,6167,15754,2442,15701,3
2023-08-08,14448,6211,15904,2464,15854,3
2023-08-09,14427,6266,15870,2507,15819,4
2023-08-10,14300,6160,15793,2465,15738,3
2023-08-11,14446,6221,15929,2516,15879,4
2023-08-12,14456,6175,15942,2519,15889,1
2023-08-13,14600,6162,16096,2490,16047,3
2023-08-14,14347,6161,15835,2468,15784,3
2023-08-15,14357,6215,15855,2504,15805,3
2023-08-16,14513,6220,16056,2546,16004,3
2023-08-17,14521,6162,16045,2501,15994,3
2023-08-18,14728,6262,16254,2537,16206,4
2023-08-19,14778,6293,16305,2521,16256,1
2023-08-20,13723,6230,15022,2518,14973,3
2023-08-21,13506,6115,14807,2462,14759,3
2023-08-22,13737,6203,15080,2563,15029,3
2023-08-23,14118,6226,15536,2557,15487,2
2023-08-24,14305,6303,15773,2589,15724,5
2023-08-25,14391,6327,15903,2617,15852,3
2023-08-26,14483,6354,15975,2627,15920,5
2023-08-27,14627,6356,16194,2644,16142,3
2023-08-28,14479,6348,16024,2628,15975,5
2023-08-29,14406,6300,15950,2583,15900,5
2023-08-30,14425,6328,15975,2600,15924,8
2023-08-31,14714,6419,16292,2688,16237,9
2023-09-01,14548,6374,16090,2674,16035,8
2023-09-02,14515,6321,16089,2637,16034,10
2023-09-03,14582,6326,16152,2641,16098,11
2023-09-04,14569,6352,16098,2669,16047,12
2023-09-05,14523,6404,16054,2689,16001,10
2023-09-06,14310,6290,15838,2613,15788,10
2023-09-07,14431,6346,15960,2650,15915,11
2023-09-08,14252,6258,15779,2601,15731,11
2023-09-09,14649,6320,16226,2653,16173,11
2023-09-10,14490,6295,16084,2610,16037,10
2023-09-11,14645,6324,16263,2665,16214,10
2023-09-12,14747,6327,16379,2626,16333,10
2023-09-13,14644,6298,16270,2622,16220,11
2023-09-14,14619,6321,16240,2651,16191,16
2023-09-15,14612,6306,16220,2595,16169,15
2023-09-16,14478,6344,16023,2596,15977,15
2023-09-17,14335,6339,15859,2611,15814,14
2023-09-18,14038,6256,15514,2550,15467,16
2023-09-19,14488,6338,15999,2636,15954,17
2023-09-20,14631,6366,16141,2674,16096,19
2023-09-21,14606,6338,16079,2619,16030,20
2023-09-22,14570,6334,16088,2632,16042,23
2023-09-23,14627,6365,16139,2655,16086,19
2023-09-24,14468,6242,15999,2605,15951,25
2023-09-25,14708,6244,16279,2600,16230,26
2023-09-26,14647,6207,16226,2601,16179,24
2023-09-27,14442,6143,16015,2627,15966,26
2023-09-28,14091,5732,15666,2187,15614,24
2023-09-29,14652,6249,16208,2643,16158,26
2023-09-30,14742,6303,16337,2698,16288,24
2023-10-01,14792,6299,16385,2668,16335,22
2023-10-02,14946,6352,16581,2695,16529,23
2023-10-03,14768,6252,16365,2650,16313,21
2023-10-04,15112,6407,16754,2657,16700,23
2023-10-05,15313,6493,16969,2708,16919,26
2023-10-06,15152,6445,16789,2638,16731,26
2023-10-07,14948,6339,16575,2629,16521,28
2023-10-08,14882,6324,16511,2633,16455,24
2023-10-09,15074,6446,16739,2722,16690,25
2023-10-10,15091,6399,16741,2703,16686,26
2023-10-11,15229,6489,16874,2732,16820,27
2023-10-12,15296,6510,16962,2724,16907,27
2023-10-13,15265,6490,16896,2716,16842,27
2023-10-14,14887,6390,16526,2688,16475,28
2023-10-15,14346,6080,15971,2560,15919,25
2023-10-16,14986,6371,16639,2714,16591,25
2023-10-17,14991,6411,16648,2681,16594,21
2023-10-18,15239,6439,16933,2693,16877,22
2023-10-19,14958,6419,16626,2702,16570,24
2023-10-20,15339,6532,17031,2765,16971,27
2023-10-21,15285,6469,16952,2722,16895,26
2023-10-22,15399,6553,17098,2795,17041,28
2023-10-23,15138,6435,16799,2728,16741,23
2023-10-24,15535,6556,17223,2808,17171,28
2023-10-25,15473,6555,17139,2772,17077,29
2023-10-26,15504,6532,17150,2802,17097,27
2023-10-27,15473,6526,17121,2778,17066,26
2023-10-28,15839,6642,17516,2825,17458,25
2023-10-29,15728,6629,17413,2849,17358,25
2023-10-30,15312,6443,16996,2781,16940,24
2023-10-31,15404,6463,17076,2784,17020,26
2023-11-01,15516,6569,17171,2845,17115,26
2023-11-02,15527,6536,17176,2795,17123,28
2023-11-03,15624,6227,17296,2706,17241,26
2023-11-04,15285,6059,16870,2635,16817,29
2023-11-05,14750,5898,16201,2605,16142,28
2023-11-06,15130,5898,16629,2676,16575,30
2023-11-07,15046,5808,16547,2697,16497,28
2023-11-08,14894,5749,16386,2667,16333,30
2023-11-09,14584,5640,16097,2598,16046,30
2023-11-10,14991,5694,16532,2640,16481,36
2023-11-11,15163,5667,16684,2671,16634,34
2023-11-12,15026,5612,16507,2614,16456,37
2023-11-13,14914,5556,16445,2658,16395,33
2023-11-14,15196,5502,16742,2629,16693,32
2023-11-15,15116,5523,16639,2671,16591,35
2023-11-16,14631,5409,16050,2631,16000,34
2023-11-17,14536,5339,15939,2601,15891,30
2023-11-18,14577,5361,15920,2619,15866,32
2023-11-19,14687,5377,16075,2650,16026,33
2023-11-20,14797,5355,16226,2686,16178,39
2023-11-21,14878,5334,16328,2660,16277,33
2023-11-22,15056,5340,16516,2680,16471,37
2023-11-23,15016,5336,16446,2692,16395,38
2023-11-24,15202,5355,16670,2721,16623,37
2023-11-25,15220,5310,16693,2706,16645,33
2023-11-26,15244,5311,16713,2701,16669,34
2023-11-27,15244,5283,16732,2747,16680,42
2023-11-28,15043,5139,16554,2707,16507,37
2023-11-29,15222,5161,16796,2720,16745,36
2023-11-30,15674,5195,17256,2742,17205,48
2023-12-01,15508,5188,17105,2711,17057,52
2023-12-02,15575,5139,17147,2663,17103,48
2023-12-03,15529,5147,17113,2694,17066,50
2023-12-04,15407,5073,16972,2700,16923,49
2023-12-05,15497,5092,17105,2670,17054,51
2023-12-06,15680,5149,17298,2735,17250,56
2023-12-07,15635,5081,17228,2786,17178,82
2023-12-08,15727,5116,17336,2761,17286,109
2023-12-09,15881,5105,17485,2793,17433,117
2023-12-10,15887,5145,17525,2738,17475,120
2023-12-11,16061,5115,17689,2781,17640,140
2023-12-12,16158,5124,17781,2767,17729,155
2023-12-13,15935,5094,17503,2760,17454,174
2023-12-14,15466,5050,16931,2772,16882,186
2023-12-15,15398,5012,16859,2768,16812,191
2023-12-16,15528,5067,17003,2782,16952,205
2023-12-17,15353,4993,16826,2733,16779,206
2023-12-18,15578,5027,17078,2786,17033,219
2023-12-19,15678,5055,17163,2751,17116,229
2023-12-20,15582,5004,17043,2779,16995,235
2023-12-21,15599,5000,17050,2732,17002,241
2023-12-22,15462,4918,16929,2689,16880,226
2023-12-23,15584,4933,17074,2745,17028,250
2023-12-24,15654,4957,17140,2754,17092,241
2023-12-25,15797,4956,17304,2719,17253,252
2023-12-26,15600,4884,17069,2625,17020,254
2023-12-27,15375,4851,16838,2592,16789,259
2023-12-28,15334,4767,16809,2495,16762,261
2023-12-29,15351,4863,16772,2623,16722,285
2023-12-30,15389,4857,16803,2654,16751,284
2023-12-31,14814,4748,16149,2523,16097,275
2024-01-01,14794,4770,16138,2552,16088,298
2024-01-02,15572,4885,17042,2673,16992,314
2024-01-03,15300,4704,16777,2579,16731,306
2024-01-04,15366,4778,16860,2668,16808,308
2024-01-05,16844,5088,18463,2930,18415,342
2024-01-06,16890,5116,18522,2993,18467,366
2024-01-07,17371,5211,19042,3068,18987,405
2024-01-08,17300,5191,18982,3117,18931,433
2024-01-09,17033,5098,18704,2977,18650,410
2024-01-10,16795,4979,18440,3012,18385,419
2024-01-11,17266,5147,18899,3117,18847,419
2024-01-12,17350,5110,19035,3144,18984,432
2024-01-13,17267,5070,18942,3130,18889,430
2024-01-14,17465,5143,19129,3146,19075,437
2024-01-15,17147,5062,18818,3095,18766,428
2024-01-16,17341,5066,19007,3112,18959,445
2024-01-17,17649,5143,19337,3219,19284,455
2024-01-18,16621,4858,18320,2947,18266,455
2024-01-19,16792,4863,18476,3043,18426,471
2024-01-20,17556,5046,19308,3242,19255,498
2024-01-21,17610,5090,19340,3232,19283,488
2024-01-22,17456,5043,19176,3251,19119,488
2024-01-23,17483,5038,19216,3218,19159,513
2024-01-24,17630,5067,19370,3266,19305,519
2024-01-25,16589,4700,18238,3169,18181,507
2024-01-26,16578,4641,18286,3078,18226,500
2024-01-27,17479,4977,19213,3220,19155,500
2024-01-28,17764,5078,19508,3268,19455,533
2024-01-29,17926,5080,19669,3329,19614,540
2024-01-30,18107,5086,19829,3313,19773,567
2024-01-31,18171,5034,19889,3332,19833,579
2024-02-01,17787,4863,19474,3249,19424,547
2024-02-02,18165,4967,19910,3344,19859,577
2024-02-03,17836,4889,19564,3258,19510,571
2024-02-04,18322,5008,20043,3341,19989,576
2024-02-05,18275,5014,20013,3357,19956,579
2024-02-06,18339,5012,20076,3376,20020,602
2024-02-07,18569,5071,20297,3376,20241,580
2024-02-08,18540,5114,20276,3428,20222,616
2024-02-09,18633,5132,20384,3451,20328,627
2024-02-10,18609,5259,20339,3432,20285,630
2024-02-11,18545,5199,20281,3424,20227,624
2024-02-12,18545,5153,20262,3379,20213,626
2024-02-13,18797,5240,20540,3475,20490,644
2024-02-14,18711,5197,20414,3426,20364,635
2024-02-15,18498,5147,20189,3407,20142,632
2024-02-16,18562,5162,20259,3383,20212,637
2024-02-17,18437,5088,20161,3378,20109,642
2024-02-18,18416,5084,20138,3400,20089,637
2024-02-19,18535,5108,20253,3434,20204,652
2024-02-20,18844,5229,20563,3493,20514,669
2024-02-21,18786,5238,20532,3497,20484,683
2024-02-22,18822,5225,20550,3485,20501,691
2024-02-23,18746,5202,20452,3516,20405,679
2024-02-24,18818,5242,20516,3498,20472,679
2024-02-25,18745,5265,20455,3519,20410,689
2024-02-26,18744,5229,20388,3472,20340,678
2024-02-27,18878,5245,20574,3509,20527,700
2024-02-28,18644,5187,20339,3503,20292,683
2024-02-29,18909,5232,20609,3498,20560,702
2024-03-01,18722,5200,20400,3509,20356,696
2024-03-02,18917,5250,20639,3530,20591,703
2024-03-03,18759,5238,20470,3521,20422,708
2024-03-04,18757,5210,20501,3511,20457,710
2024-03-05,18802,5198,20536,3496,20491,711
2024-03-06,18674,5202,20404,3487,20361,710
2024-03-07,18738,5205,20487,3495,20441,723
2024-03-08,18444,5134,20170,3327,20124,704
2024-03-09,18735,5236,20444,3479,20397,727
2024-03-10,18749,5224,20489,3482,20444,730
2024-03-11,18848,5213,20559,3488,20516,749
2024-03-12,18777,5115,20513,3514,20459,748
2024-03-13,18599,5030,20298,3484,20256,739
2024-03-14,18686,5127,20403,3520,20354,752
2024-03-15,18878,5147,20610,3552,20562,745
2024-03-16,18686,5069,20434,3504,20386,750
2024-03-17,18832,5136,20560,3507,20513,763
2024-03-18,18785,5135,20522,3495,20479,750
2024-03-19,18752,5117,20501,3506,20451,757
2024-03-20,18598,5048,20297,3485,20247,750
2024-03-21,18458,5050,20164,3491,20118,744
2024-03-22,18418,5020,20148,3474,20098,754
2024-03-23,17616,4706,19290,3314,19243,715
2024-03-24,18249,4947,19961,3443,19911,763
2024-03-25,17809,4807,19486,3376,19435,750
2024-03-26,18346,4940,20049,3449,20003,765
2024-03-27,18783,5089,20482,3519,20435,789
2024-03-28,18786,5075,20509,3566,20457,797
2024-03-29,18825,5086,20537,3534,20487,794
2024-03-30,18664,5061,20402,3515,20355,817
2024-03-31,18724,5063,20428,3545,20385,827
2024-04-01,18840,5058,20558,3545,20512,825
2024-04-02,18972,5113,20733,3585,20684,885
2024-04-03,18931,5166,20701,3563,20657,905
2024-04-04,18886,5143,20635,3557,20587,916
2024-04-05,18837,5152,20592,3564,20544,936
2024-04-06,18628,5079,20372,3579,20322,949
2024-04-07,18657,5093,20399,3554,20353,953
2024-04-08,18713,5083,20446,3534,20402,946
2024-04-09,18692,5045,20441,3536,20396,959
2024-04-10,18557,5024,20272,3529,20223,942
2024-04-11,18587,5017,20318,3530,20267,985
2024-04-12,18936,5102,20663,3638,20615,1019
2024-04-13,19187,5116,20903,3606,20854,1024
2024-04-14,19455,5169,21220,3634,21174,1030
2024-04-15,19287,5090,21020,3574,20976,1037
2024-04-16,19583,5130,21359,3643,21309,1061
2024-04-17,19599,5082,21358,3613,21311,1077
2024-04-18,19698,5049,21462,3606,21415,1223
2024-04-19,20163,5167,21917,3701,21871,1459
2024-04-20,20254,5078,22036,3703,21988,1664
2024-04-21,20229,5101,21990,3666,21943,1734
2024-04-22,18720,4695,20424,2588,20378,1583
2024-04-23,18829,4810,20517,2634,20468,1656
2024-04-24,18508,4698,20182,2524,20135,1703
2024-04-25,18464,4668,20163,2569,20114,1730
2024-04-26,18610,4763,20311,2593,20265,1754
2024-04-27,18809,4823,20473,2605,20427,1859
2024-04-28,18667,4749,20350,2669,20307,1834
2024-04-29,18969,4882,20636,2876,20592,1891
2024-04-30,18885,4883,20546,2914,20502,1966
2024-05-01,19944,5873,21601,3058,21518,2010
2024-05-02,20161,5930,21853,2971,21784,2195
2024-05-03,20513,6003,22235,3121,22166,2378
2024-05-04,20166,5918,21873,3110,21803,2533
2024-05-05,20282,5919,22004,3212,21940,2733
2024-05-06,20287,5980,21980,3245,21920,2896
2024-05-07,20320,5952,22021,3284,21955,3005
2024-05-08,20327,5959,22034,3309,21975,3120
2024-05-09,19959,5790,21641,3263,21584,3173
2024-05-10,20028,5826,21738,3347,21686,3311
2024-05-11,19921,5796,21628,3306,21560,3314
2024-05-12,19814,5801,21513,3327,21423,3388
2024-05-13,19702,5750,21411,3349,21316,3435
2024-05-14,19626,5772,21299,3362,21180,3517
2024-05-15,17895,5227,19479,3027,19371,3331
2024-05-16,18184,5401,19795,3071,19662,3395
2024-05-17,18434,5473,20053,3146,19931,3505
2024-05-18,19920,5967,21598,3467,21469,3816
2024-05-19,19159,5608,20841,3307,20748,3764
2024-05-20,18878,5558,20512,3268,20439,3709
2024-05-21,17727,5153,19313,3082,19243,3604
2024-05-22,15884,4566,17421,2702,17338,3294
2024-05-23,17147,4900,18742,2953,18670,3627
2024-05-24,19747,5816,21467,3539,21407,4167
2024-05-25,16999,4918,18571,2950,18514,3751
2024-05-26,18382,5364,19985,3215,19923,4024
2024-05-27,19451,5675,21108,3457,21041,4301
2024-05-28,19379,5659,21045,3448,20987,4301
2024-05-29,17575,5110,19174,3086,19120,4033
2024-05-30,19704,5813,21393,3548,21341,4489
2024-05-31,19731,5795,21417,3573,21368,4507
2024-06-01,19689,5802,21366,3592,21317,4588
2024-06-02,19212,5584,20833,3482,20785,4501
2024-06-03,19709,5803,21380,3541,21333,4693
2024-06-04,19749,5797,21415,3591,21366,4763
2024-06-05,19379,5657,21031,3505,20982,4757
2024-06-06,19433,5642,21092,3497,21047,4811
2024-06-07,19538,5703,21219,3513,21170,4850
2024-06-08,19765,5787,21464,3575,21418,4954
2024-06-09,19721,5794,21411,3560,21366,4936
2024-06-10,19634,5742,21328,3585,21282,4997
2024-06-11,18426,5402,20030,3305,19980,4746
2024-06-12,17061,4959,18626,3080,18575,4515
2024-06-13,18803,5505,20423,3408,20375,4880
2024-06-14,19592,5780,21272,3636,21226,5123
2024-06-15,19632,5778,21329,3596,21281,5131
2024-06-16,19696,5830,21377,3635,21329,5190
2024-06-17,16288,4728,17849,2876,17803,4467
2024-06-18,19612,5783,21328,3651,21282,5298
2024-06-19,19702,5827,21399,3683,21348,5384
2024-06-20,19907,5893,21633,3696,21585,5412
2024-06-21,19748,5814,21465,3652,21416,5412
2024-06-22,19778,5834,21517,3681,21470,5466
2024-06-23,19826,5832,21583,3698,21533,5509
2024-06-24,19910,5839,21676,3703,21625,5548
2024-06-25,19788,5763,21562,3649,21510,5582
2024-06-26,19755,5782,21536,3696,21484,5656
2024-06-27,19630,5742,21366,3673,21313,5614
2024-06-28,19679,5746,21412,3643,21358,5604
2024-06-29,19769,5786,21510,3716,21456,5657
2024-06-30,19759,5797,21498,3721,21445,5675
2024-07-01,19709,5782,21416,3720,21361,5680
2024-07-02,19746,5748,21448,3707,21394,5713
2024-07-03,19732,5777,21436,3684,21387,5762
2024-07-04,19809,5794,21531,3738,21481,5783
2024-07-05,19471,5676,21213,3676,21161,5780
2024-07-06,19585,5708,21325,3691,21274,5847
2024-07-07,17915,5258,19555,3327,19508,5412
2024-07-08,19575,5702,21319,3715,21268,6024
2024-07-09,19331,5636,21068,3702,21019,6060
2024-07-10,19334,5684,21047,3706,20998,6070
2024-07-11,18823,5470,20508,3592,20461,5983
2024-07-12,19259,5548,20954,3661,20905,6156
2024-07-13,19062,5480,20749,3617,20699,6196
2024-07-14,18762,5394,20446,3568,20391,6099
2024-07-15,19142,5539,20850,3651,20799,6285
2024-07-16,19615,5667,21329,3708,21280,6409
2024-07-17,19712,5670,21427,3690,21376,6425
2024-07-18,19729,5708,21436,3693,21386,6444
2024-07-19,19387,5607,21090,3663,21037,6361
2024-07-20,19683,5675,21391,3719,21338,6510
2024-07-21,19792,5643,21521,3701,21467,6679
2024-07-22,19900,5601,21605,3703,21557,6785
2024-07-23,19910,5630,21610,3725,21561,6827
2024-07-24,19852,5593,21547,3674,21501,6774
2024-07-25,19825,5557,21522,3690,21469,6800
2024-07-26,19797,5565,21487,3675,21431,6828
2024-07-27,19681,5516,21374,3653,21324,6853
2024-07-28,19956,5554,21677,3723,21627,7038
2024-07-29,19989,5549,21708,3719,21657,7054
2024-07-30,19931,5540,21640,3713,21592,7080
2024-07-31,19870,5546,21567,3720,21518,7056
2024-08-01,19184,5309,20850,3638,20801,6939
2024-08-02,19743,5468,21433,3715,21383,7107
2024-08-03,20022,5552,21742,3735,21693,7178
2024-08-04,20018,5561,21726,3749,21676,7188
2024-08-05,20161,5569,21876,3752,21830,7308
2024-08-06,19686,5459,21375,3680,21327,7171
2024-08-07,19617,5461,21310,3711,21260,7174
2024-08-08,19987,5583,21679,3773,21632,7328
2024-08-09,19970,5572,21664,3766,21619,7372
2024-08-10,19963,5583,21625,3764,21579,7398
2024-08-11,20072,5643,21746,3789,21698,7418
2024-08-12,20074,5619,21744,3785,21697,7457
2024-08-13,20052,5587,21727,3781,21682,7479
2024-08-14,19646,5511,21314,3724,21269,7346
2024-08-15,19660,5553,21315,3743,21267,7384
2024-08-16,19766,5584,21406,3792,21360,7499
2024-08-17,19660,5525,21307,3745,21261,7505
2024-08-18,19745,5566,21368,3741,21323,7481
2024-08-19,19804,5610,21444,3764,21399,7561
2024-08-20,19884,5601,21543,3786,21494,7631
2024-08-21,20028,5651,21660,3794,21615,7658
2024-08-22,20066,5648,21701,3798,21655,7719
2024-08-23,19954,5617,21579,3758,21534,7676
2024-08-24,19893,5631,21522,3775,21478,7659
2024-08-25,20063,5699,21694,3795,21649,7742
2024-08-26,20007,5656,21651,3799,21605,7766
2024-08-27,20048,5661,21699,3815,21653,7798
2024-08-28,19833,5618,21441,3770,21397,7705
2024-08-29,19907,5644,21571,3753,21522,7785
2024-08-30,20033,5684,21712,3806,21666,7852
2024-08-31,20053,5677,21707,3799,21661,7853
2024-09-01,20043,5684,21686,3795,21641,7865
2024-09-02,20057,5696,21722,3819,21676,7898
2024-09-03,19989,5645,21654,3770,21606,7867
2024-09-04,20000,5665,21641,3797,21593,7882
2024-09-05,19941,5673,21598,3739,21550,7885
2024-09-06,19954,5712,21625,3747,21578,7894
2024-09-07,19070,5465,20703,3637,20654,7610
2024-09-08,19886,5711,21536,3740,21488,7849
2024-09-09,19981,5728,21598,3769,21547,7948
2024-09-10,19985,5728,21652,3760,21602,7929
2024-09-11,19818,5679,21467,3715,21417,7907
2024-09-12,19840,5671,21439,3747,21389,7916
2024-09-13,19932,5707,21566,3722,21515,7935
2024-09-14,19956,5732,21609,3718,21562,7977
2024-09-15,18174,5211,19787,3493,19738,7491
2024-09-16,20006,5746,21685,3737,21636,8045
2024-09-17,19942,5725,21639,3748,21590,8054
2024-09-18,19970,5738,21678,3762,21628,8124
2024-09-19,19959,5693,21649,3749,21602,8125
2024-09-20,20039,5753,21747,3739,21699,8179
2024-09-21,19376,5575,21003,3633,20954,7950
2024-09-22,19718,5639,21359,3728,21309,8103
2024-09-23,18473,5269,20081,3569,20032,7682
2024-09-24,20027,5708,21689,3780,21639,8256
2024-09-25,19988,5702,21647,3789,21599,8248
2024-09-26,19983,5689,21636,3819,21587,8249
2024-09-27,19901,5708,21590,3798,21541,8251
2024-09-28,19921,5688,21585,3836,21538,8310
2024-09-29,19771,5650,21452,3805,21404,8296
2024-09-30,20052,5716,21736,3846,21688,8410
2024-10-01,20011,5707,21698,3833,21652,8348
2024-10-02,19758,5614,21431,3751,21384,8261
2024-10-03,13130,3547,14575,2702,14528,6073
2024-10-04,19831,5663,21495,3785,21448,8319
2024-10-05,19505,5576,21197,3747,21150,8227
2024-10-06,19948,5664,21658,3791,21607,8416
2024-10-07,19935,5707,21633,3766,21583,8391
2024-10-08,19900,5707,21605,3788,21554,8414
2024-10-09,20181,5947,21898,3782,21845,8457
2024-10-10,19900,5873,21619,3761,21565,8350
2024-10-11,19842,5889,21571,3746,21521,8307
2024-10-12,19934,5927,21655,3751,21603,8350
2024-10-13,19810,5887,21518,3747,21467,8356
2024-10-14,19962,5952,21701,3770,21646,8458
2024-10-15,19952,5878,21699,3765,21646,8453
2024-10-16,19840,5812,21563,3757,21509,8444
2024-10-17,19980,5880,21705,3759,21651,8511
2024-10-18,19906,5726,21600,3767,21548,8541
2024-10-19,19993,5776,21696,3786,21647,8605
2024-10-20,19984,5763,21703,3779,21656,8609
2024-10-21,19937,5714,21650,3786,21602,8647
2024-10-22,19826,5648,21535,3777,21488,8645
2024-10-23,19777,5676,21480,3769,21434,8628
2024-10-24,19804,5733,21517,3729,21471,8568
2024-10-25,19989,5780,21728,3738,21678,8656
2024-10-26,19884,5724,21631,3719,21583,8690
2024-10-27,19751,5738,21475,3674,21428,8627
2024-10-28,20117,5844,21834,3730,21785,8736
2024-10-29,20070,5846,21793,3718,21745,8746
2024-10-30,20130,5837,21883,3714,21834,8805
2024-10-31,20070,5796,21814,3694,21765,8778
2024-11-01,19650,5691,21377,3672,21328,8660
2024-11-02,20247,5965,21985,3763,21935,8862
2024-11-03,19783,5876,21543,3774,21500,8546
2024-11-04,19740,5835,21510,3728,21467,8516
2024-11-05,19812,5914,21564,3733,21518,8570
2024-11-06,19994,5977,21721,3802,21680,8672
2024-11-07,19975,5964,21743,3788,21703,8710
2024-11-08,20717,6129,22486,3846,22444,9250
2024-11-09,20717,6129,22486,3846,22444,9250
2024-11-10,20717,6129,22486,3846,22444,9250
2024-11-11,20473,5971,22238,3852,22198,9268
2024-11-12,20473,5971,22238,3852,22198,9268
2024-11-13,20306,5898,22032,3805,21993,9184
2024-11-14,19823,5767,21563,3722,21519,9050
2024-11-15,19901,5705,21646,3752,21601,9165
2024-11-16,20344,5877,22106,3802,22065,9284
2024-11-17,15926,4397,17461,2724,17421,7426
2024-11-18,15926,4397,17461,2724,17421,7426
2024-11-19,21718,6954,22528,3877,23489,10632
2024-11-20,21718,6954,22528,3877,23489,10632
2024-11-21,21714,6985,22542,3872,23502,10654
2024-11-22,21741,6961,22551,3852,23508,10630
2024-11-23,21795,6970,22634,3858,23592,10722
2024-11-24,21650,6942,22483,3859,23440,10670
2024-11-25,21148,6187,22743,3907,22942,10107
2024-11-26,21562,6645,22731,3875,23372,10554
2024-11-27,21591,6775,22603,3888,23394,10600
2024-11-28,22279,7003,23154,3941,24089,11067
2024-11-29,22279,7003,23154,3941,24089,11067
2024-11-30,21722,6618,23052,3945,23589,10644
2024-12-01,21459,6532,22767,3906,23302,10468
2024-12-02,21361,6378,22772,3839,23139,10294
2024-12-03,21320,6417,22574,3855,23110,10440
2024-12-04,21802,6816,22758,3924,23612,10768
2024-12-05,21679,6881,22548,3909,23505,10929
2024-12-06,18411,5598,19543,3434,20106,9370
2024-12-07,21380,6346,22835,3911,23210,10421
2024-12-08,21386,6337,22820,3885,23195,10413
2024-12-09,21685,6525,22974,3906,23506,10685
2024-12-10,21950,6959,22825,3930,23781,11006
2024-12-11,21964,7037,22855,3947,23793,10901
2024-12-12,10228,3185,10679,2147,11637,6821
2024-12-13,22155,7110,23016,3999,23970,11065
2024-12-14,22382,7080,23250,4035,24207,11348
2024-12-15,22566,7146,23438,4026,24396,11449
2024-12-16,22300,6992,23191,3976,24146,11419
2024-12-17,22900,7148,23815,4080,24773,11723
2024-12-18,22491,7066,23424,4030,24358,11411
2024-12-19,22769,7122,23687,4024,24644,11664
2024-12-20,22546,7044,23409,4018,24366,11604
2024-12-21,22355,7095,23236,4025,24191,11297
2024-12-22,22133,7189,23011,4057,23965,10958
2024-12-23,22627,7118,23516,4067,24471,11546
2024-12-24,22680,7147,23568,4073,24520,11611
2024-12-25,19607,6174,20388,3607,21339,10490
2024-12-26,22333,7036,23209,3974,24159,11497
2024-12-27,22368,7071,23245,3996,24201,11549
2024-12-28,22839,7202,23743,4052,24697,11727
2024-12-29,21054,6678,21927,3831,22883,11057
2024-12-30,21043,6703,21903,3783,22855,11047
2024-12-31,19330,6161,20089,3543,21042,10454
2025-01-01,22578,7120,23446,4045,24396,11628
2025-01-02,20781,6546,21599,3808,22556,10949
2025-01-03,22922,7199,23809,4139,24764,11803
2025-01-04,23009,7211,23886,4127,24836,11919
2025-01-05,22416,7008,23290,3978,24242,11713
2025-01-06,22880,7146,23779,4076,24731,11922
2025-01-07,22990,7213,23872,4098,24829,11831
2025-01-08,23140,7290,24043,4134,24995,11903
2025-01-09,23307,7279,24224,4134,25177,12151
2025-01-10,23338,7276,24244,4154,25195,12191
2025-01-11,23444,7296,24353,4161,25301,12296
2025-01-12,23212,7196,24155,4156,25106,12232
2025-01-13,23277,7238,24216,4172,25169,12238
2025-01-14,23324,7265,24270,4200,25223,12251
2025-01-15,23144,7186,24043,4128,24994,12269
2025-01-16,23192,7155,24076,4140,25028,12349
2025-01-17,23741,7325,24638,4232,25591,12634
2025-01-18,23880,7348,24807,4252,25756,12794
2025-01-19,23942,7325,24891,4234,25843,12883
2025-01-20,23939,7332,24887,4272,25836,12926
2025-01-21,24040,7322,24998,4278,25948,13113
2025-01-22,23690,7177,24651,4252,25601,13021
2025-01-23,24160,7340,25129,4332,26077,13238
2025-01-24,23956,7287,24940,4305,25891,13230
2025-01-25,24118,7317,25104,4314,26055,13286
2025-01-26,23989,7259,24956,4325,25906,13306
2025-01-27,24090,7270,25071,4315,26022,13359
2025-01-28,23912,7169,24875,4319,25825,13338
2025-01-29,23966,7208,24922,4322,25873,13328
2025-01-30,23959,7220,24909,4332,25859,13302
2025-01-31,24312,7355,25326,4405,26260,13534
2025-02-01,24209,7342,25214,4371,26166,13482
2025-02-02,24257,7364,25257,4391,26206,13509
2025-02-03,24351,7362,25373,4394,26323,13615
2025-02-04,24125,7282,25127,4389,26078,13574
2025-02-05,24339,7336,25356,4433,26307,13694
2025-02-06,24010,7202,25006,4416,25960,13612
2025-02-07,24346,7322,25346,4452,26299,13735
2025-02-08,24220,7292,25219,4495,26173,13726
2025-02-09,23880,7265,24884,4495,25840,13406
2025-02-10,20995,6375,21905,4029,22860,12181
2025-02-11,23630,7169,24618,4431,25571,13341
2025-02-12,21725,6628,22619,4141,23571,12414
2025-02-13,24203,7230,25175,4496,26132,13751
2025-02-14,24283,7266,25254,4524,26211,13842
2025-02-15,24141,7215,25083,4495,26039,13794
2025-02-16,24127,7219,25097,4479,26053,13800
2025-02-17,24163,7210,25145,4471,26099,13869
2025-02-18,24422,7245,25411,4549,26367,13983
2025-02-19,24346,7174,25339,4497,26276,13956
2025-02-20,24421,7298,25421,4539,26370,13990
2025-02-21,24612,7313,25665,4527,26621,14143
2025-02-22,24484,7266,25488,4498,26444,14075
2025-02-23,23916,7117,24940,4442,25895,13850
2025-02-24,24681,7272,25722,4514,26678,14256
2025-02-25,24531,7249,25575,4496,26531,14206
2025-02-26,24642,7284,25696,4550,26653,14269
2025-02-27,23238,6869,24279,4306,25235,13702
2025-02-28,24284,7130,25500,4511,26321,14119
2025-03-01,24549,7283,25629,4526,26585,14328
2025-03-02,24397,7237,25436,4514,26393,14227
2025-03-03,24401,7239,25452,4555,26407,14250
2025-03-04,24475,7317,25486,4547,26441,14275
2025-03-05,24505,7315,25515,4517,26471,14306
2025-03-06,24448,7302,25446,4569,26400,14279
2025-03-07,24310,7248,25312,4546,26267,14237
2025-03-08,24345,7251,25371,4576,26321,14270
2025-03-09,24054,7165,25061,4501,26014,14099
2025-03-10,24228,7182,25247,4576,26199,14223
2025-03-11,24249,7238,25286,4585,26237,14332
2025-03-12,24303,7226,25380,4620,26241,14199
2025-03-13,21307,6327,22128,4179,23078,12931
2025-03-14,24276,7271,25192,4590,26142,14191
2025-03-15,24396,7316,25357,4640,26308,14300
2025-03-16,24361,7314,25351,4659,26300,14333
2025-03-17,24490,7291,25470,4706,26420,14481
2025-03-18,19834,5845,20662,3968,21612,12288
2025-03-19,24260,7220,25277,4605,26227,14357
2025-03-20,24231,7218,25219,4632,26169,14349
2025-03-21,24544,7316,25524,4690,26474,14484
2025-03-22,24491,7324,25470,4681,26421,14491
2025-03-23,24362,7275,25342,4643,26292,14455
2025-03-24,24367,7255,25350,4654,26300,14494
2025-03-25,24484,7341,25481,4698,26431,14545
2025-03-26,24490,7321,25494,4710,26441,14586
2025-03-27,24596,7370,25603,4734,26553,14710
2025-03-28,24294,7313,25285,4694,26235,14551
2025-03-29,24097,7269,25086,4650,26035,14484
2025-03-30,24450,7378,25452,4729,26398,14662
2025-03-31,24518,7423,25507,4736,26455,14682
2025-04-01,24571,7421,25585,4775,26532,14762
2025-04-02,24383,7336,25374,4719,26325,14678
2025-04-03,23925,7216,24912,4626,25833,14457
2025-04-04,24507,7382,25509,4755,26457,14799
2025-04-05,24024,7229,25023,4708,25972,14610
2025-04-06,24401,7466,25423,4848,26370,14645
2025-04-07,24557,7392,25583,4819,26530,14922
2025-04-08,24829,7491,25876,4897,26829,15116
2025-04-09,24693,7408,25699,4850,26636,14986
2025-04-10,24692,7415,25666,4859,26621,14998
2025-04-11,24438,7329,25418,4862,26372,14907
2025-04-12,24798,7460,25795,4896,26750,15068
2025-04-13,24750,7446,25747,4889,26700,15044
2025-04-14,24710,7399,25719,4891,26672,15090
2025-04-15,24745,7436,25778,4926,26730,15165
2025-04-16,23208,6949,24202,4659,25155,14456
2025-04-17,24603,7379,25653,4911,26605,15161
2025-04-18,24745,7442,25836,4937,26789,15269
2025-04-19,24665,7404,25745,4895,26697,15228
2025-04-20,24716,7427,25780,4916,26732,15237
2025-04-21,24776,7473,25831,4941,26783,15275
2025-04-22,24682,7390,25765,4971,26717,15314
2025-04-23,24852,7458,25930,4957,26882,15357
2025-04-24,24664,7405,25755,4888,26704,15269
2025-04-25,24704,7432,25782,4959,26732,15352
2025-04-26,22535,6785,23535,4373,24484,14267
2025-04-27,24878,7482,25947,5026,26896,15451
2025-04-28,24707,7397,25770,5022,26718,15397
2025-04-29,24485,7344,25514,4893,26461,15193
2025-04-30,24601,7369,25650,4956,26599,15315
2025-05-01,24659,7458,25741,4943,26694,15355
2025-05-02,24608,7523,25700,4965,26655,15337
2025-05-03,24618,7636,25686,4987,26643,15376
2025-05-04,24604,7670,25669,4971,26626,15402
2025-05-05,24568,7743,25667,5000,26624,15469
2025-05-06,24789,7929,25874,5011,26832,15568
2025-05-07,24759,8095,25872,5035,26827,15639
2025-05-08,24806,8250,25888,4958,26845,15650
2025-05-09,24828,8297,25915,5034,26871,15711
2025-05-10,24975,8470,26085,5070,27040,15892
2025-05-11,24982,8513,26090,5081,27045,15916
2025-05-12,25055,8642,26156,5091,27110,15959
2025-05-13,25007,8618,26140,5105,27095,15973
2025-05-14,24341,8343,25446,4973,26366,15616
2025-05-15,24980,8698,26062,5168,27016,15971
2025-05-16,25034,8759,26156,5195,27109,16097
2025-05-17,24983,8749,26095,5170,27049,16103
2025-05-18,25038,8765,26146,5168,27100,16120
2025-05-19,24126,7845,26166,5161,26190,15250
2025-05-20,24963,8710,26084,5116,27041,16141
2025-05-21,25066,8811,26202,5155,27158,16178
2025-05-22,25013,8799,26147,5165,27105,16221
2025-05-23,24905,8790,26059,5173,27016,16195
2025-05-24,25097,8878,26235,5212,27191,16287
2025-05-25,25057,8876,26211,5182,27166,16291
2025-05-26,25096,8918,26256,5159,27210,16329
2025-05-27,25052,8937,26224,5134,27178,16330
2025-05-28,25113,8967,26292,5166,27247,16373
2025-05-29,25111,8956,26299,5203,27252,16427
2025-05-30,25125,8990,26287,5178,27240,16439
2025-05-31,25104,9030,26232,5205,27186,16383
2025-06-01,24883,8967,25979,5136,26931,16259
2025-06-02,25230,9102,26359,5264,27313,16503
2025-06-03,24994,9009,26131,5208,27083,16452
2025-06-04,25121,9079,26283,5245,27236,16548
2025-06-05,25225,9141,26356,5258,27309,16578
2025-06-06,24549,8828,25674,5186,26628,16323
2025-06-07,25124,9019,26253,5262,27206,16653
2025-06-08,25258,9047,26397,5298,27349,16805
2025-06-09,24549,8920,25688,5309,26641,16266
2025-06-10,25096,8972,26248,5267,27202,16752
2025-06-11,24910,8886,26054,5269,26966,16728
2025-06-12,24955,8965,26036,5270,26989,16717
2025-06-13,24844,8964,25921,5237,26875,16688
2025-06-14,24848,8985,25961,5216,26915,16707
2025-06-15,24409,8819,25523,5156,26477,16510
2025-06-16,24855,9023,25982,5239,26936,16807
2025-06-17,24757,9016,25875,5291,26828,16874
2025-06-18,24999,9190,26160,5376,27112,17072
2025-06-19,24968,9145,26121,5348,27074,17085
2025-06-20,25002,9180,26150,5338,27103,17134
2025-06-21,24860,9172,26011,5361,26963,17066
2025-06-22,25089,9299,26244,5408,27195,17220
2025-06-23,24849,9179,26020,5366,26972,17128
2025-06-24,24899,9193,26091,5350,27041,17199
2025-06-25,25011,9236,26192,5370,27147,17237
2025-06-26,25026,9232,26177,5393,27133,17270
2025-06-27,25038,9300,26210,5451,27164,17295
2025-06-28,25056,9320,26201,5490,27156,17321
2025-06-29,25132,9367,26309,5565,27262,17472
2025-06-30,25163,9398,26368,5568,27322,17523
2025-07-01,25109,9361,26324,5581,27280,17521
2025-07-02,24808,9269,26040,5507,26994,17333
2025-07-03,25151,9355,26498,5629,27350,17539
2025-07-04,25321,9633,26583,5641,27542,17630
2025-07-05,23435,8836,24597,5297,25555,16437
2025-07-06,24606,9352,25830,5492,26788,17127
2025-07-07,23702,9007,24886,5256,25844,16593
2025-07-08,25673,9873,26946,5711,27906,17773
2025-07-09,25494,9733,26682,5761,27643,17639
2025-07-10,25582,9466,26718,5852,27677,17660
2025-07-11,25741,9377,26908,5891,27864,17853
2025-07-12,25563,9213,26735,5915,27688,17835
2025-07-13,25801,9298,27010,5950,27946,17948
2025-07-14,25798,9271,27020,5979,27951,17977
2025-07-15,25532,9098,26682,5993,27634,17854
2025-07-16,25878,9225,27068,6014,28019,18054
2025-07-17,26027,9265,27260,6099,28215,18219
