time,ipv4,ipv6,torv3,ipv4/ipv6,ipv4/torv3,ipv6/torv3,ipv4/ipv6/torv3,ipv4/ipv6/torv3/i2p,other
2023-03-29,0.15,0.062,0.315,0.186,0.088,0.011,0.116,0.054,0.019
2023-03-30,0.149,0.06,0.302,0.188,0.093,0.013,0.121,0.055,0.019
2023-03-31,0.145,0.064,0.307,0.188,0.089,0.012,0.122,0.055,0.018
2023-04-01,0.143,0.061,0.318,0.192,0.084,0.012,0.117,0.055,0.019
2023-04-02,0.151,0.059,0.308,0.187,0.089,0.012,0.12,0.055,0.019
2023-04-03,0.149,0.059,0.306,0.191,0.092,0.012,0.12,0.053,0.017
2023-04-04,0.15,0.058,0.308,0.187,0.091,0.011,0.12,0.055,0.02
2023-04-05,0.151,0.061,0.303,0.188,0.092,0.013,0.116,0.056,0.02
2023-04-06,0.144,0.061,0.301,0.19,0.092,0.013,0.123,0.056,0.018
2023-04-07,0.143,0.06,0.312,0.19,0.088,0.013,0.117,0.057,0.02
2023-04-08,0.143,0.059,0.313,0.187,0.088,0.014,0.122,0.054,0.02
2023-04-09,0.141,0.06,0.312,0.189,0.087,0.013,0.123,0.057,0.019
2023-04-10,0.146,0.061,0.294,0.188,0.094,0.013,0.13,0.055,0.019
2023-04-11,0.144,0.059,0.291,0.191,0.097,0.011,0.131,0.057,0.02
2023-04-12,0.145,0.061,0.294,0.188,0.096,0.011,0.13,0.056,0.02
2023-04-13,0.143,0.058,0.31,0.188,0.091,0.013,0.12,0.057,0.019
2023-04-14,0.146,0.056,0.307,0.19,0.091,0.012,0.122,0.057,0.019
2023-04-15,0.147,0.058,0.313,0.187,0.088,0.011,0.12,0.057,0.018
2023-04-16,0.143,0.059,0.308,0.188,0.09,0.014,0.122,0.058,0.018
2023-04-17,0.147,0.057,0.313,0.188,0.087,0.011,0.121,0.056,0.019
2023-04-18,0.148,0.059,0.315,0.183,0.088,0.011,0.12,0.057,0.019
2023-04-19,0.141,0.06,0.314,0.186,0.089,0.012,0.121,0.058,0.02
2023-04-20,0.14,0.057,0.313,0.189,0.091,0.013,0.121,0.056,0.02
2023-04-21,0.146,0.063,0.31,0.184,0.091,0.012,0.118,0.057,0.02
2023-04-22,0.141,0.06,0.318,0.184,0.089,0.013,0.118,0.058,0.019
2023-04-23,0.14,0.058,0.319,0.188,0.088,0.012,0.121,0.055,0.018
2023-04-24,0.137,0.06,0.303,0.188,0.094,0.013,0.128,0.057,0.02
2023-04-25,0.138,0.058,0.303,0.188,0.097,0.012,0.126,0.059,0.02
2023-04-26,0.139,0.063,0.29,0.189,0.097,0.012,0.133,0.058,0.019
2023-04-27,0.139,0.06,0.291,0.189,0.099,0.012,0.131,0.06,0.02
2023-04-28,0.144,0.059,0.294,0.186,0.098,0.013,0.126,0.06,0.019
2023-04-29,0.144,0.061,0.297,0.185,0.095,0.012,0.128,0.059,0.019
2023-04-30,0.147,0.06,0.299,0.189,0.099,0.012,0.131,0.048,0.015
2023-05-01,0.151,0.063,0.293,0.186,0.097,0.012,0.133,0.048,0.015
2023-05-02,0.151,0.063,0.292,0.19,0.1,0.014,0.13,0.047,0.015
2023-05-03,0.149,0.06,0.306,0.188,0.098,0.012,0.127,0.046,0.015
2023-05-04,0.148,0.061,0.29,0.188,0.103,0.012,0.135,0.048,0.015
2023-05-05,0.145,0.062,0.296,0.186,0.099,0.013,0.129,0.054,0.016
2023-05-06,0.138,0.064,0.297,0.19,0.1,0.012,0.132,0.052,0.016
2023-05-07,0.15,0.067,0.293,0.179,0.1,0.011,0.13,0.054,0.017
2023-05-08,0.155,0.072,0.279,0.169,0.104,0.011,0.132,0.057,0.018
2023-05-09,0.156,0.067,0.29,0.169,0.101,0.012,0.131,0.057,0.018
2023-05-10,0.147,0.064,0.287,0.175,0.105,0.01,0.134,0.059,0.019
2023-05-11,0.149,0.064,0.293,0.174,0.099,0.012,0.13,0.059,0.019
2023-05-12,0.143,0.064,0.293,0.179,0.099,0.012,0.13,0.06,0.02
2023-05-13,0.144,0.061,0.293,0.176,0.102,0.012,0.129,0.062,0.021
2023-05-14,0.13,0.061,0.305,0.178,0.098,0.01,0.135,0.063,0.02
2023-05-15,0.14,0.059,0.301,0.181,0.095,0.011,0.13,0.064,0.018
2023-05-16,0.145,0.062,0.287,0.178,0.1,0.012,0.13,0.064,0.02
2023-05-17,0.14,0.06,0.293,0.182,0.098,0.012,0.131,0.063,0.02
2023-05-18,0.141,0.061,0.298,0.182,0.095,0.012,0.129,0.062,0.02
2023-05-19,0.136,0.066,0.297,0.178,0.094,0.012,0.133,0.065,0.02
2023-05-20,0.13,0.058,0.294,0.187,0.099,0.014,0.13,0.065,0.023
2023-05-21,0.135,0.057,0.288,0.186,0.1,0.012,0.135,0.066,0.021
2023-05-22,0.131,0.057,0.294,0.187,0.1,0.012,0.134,0.064,0.02
2023-05-23,0.131,0.06,0.293,0.186,0.101,0.012,0.134,0.064,0.02
2023-05-24,0.134,0.053,0.291,0.192,0.1,0.012,0.135,0.064,0.02
2023-05-25,0.132,0.056,0.301,0.188,0.095,0.012,0.13,0.064,0.021
2023-05-26,0.135,0.057,0.293,0.187,0.101,0.011,0.131,0.064,0.021
2023-05-27,0.137,0.056,0.292,0.191,0.099,0.012,0.13,0.064,0.02
2023-05-28,0.128,0.057,0.297,0.195,0.097,0.012,0.132,0.063,0.019
2023-05-29,0.132,0.06,0.299,0.19,0.097,0.011,0.13,0.063,0.018
2023-05-30,0.137,0.054,0.296,0.189,0.097,0.012,0.131,0.064,0.02
2023-05-31,0.134,0.058,0.292,0.188,0.099,0.013,0.132,0.064,0.021
2023-06-01,0.138,0.057,0.29,0.19,0.098,0.013,0.13,0.065,0.021
2023-06-02,0.134,0.055,0.298,0.19,0.097,0.012,0.131,0.064,0.019
2023-06-03,0.131,0.054,0.338,0.169,0.085,0.011,0.126,0.065,0.02
2023-06-04,0.136,0.057,0.302,0.187,0.094,0.011,0.129,0.065,0.02
2023-06-05,0.133,0.054,0.299,0.188,0.097,0.011,0.132,0.066,0.019
2023-06-06,0.137,0.055,0.289,0.189,0.098,0.012,0.134,0.065,0.02
2023-06-07,0.135,0.055,0.291,0.19,0.1,0.011,0.132,0.065,0.021
2023-06-08,0.139,0.054,0.297,0.189,0.094,0.011,0.13,0.065,0.021
2023-06-09,0.13,0.056,0.292,0.19,0.097,0.012,0.135,0.066,0.021
2023-06-10,0.135,0.053,0.305,0.189,0.093,0.014,0.127,0.065,0.02
2023-06-11,0.136,0.05,0.292,0.192,0.097,0.012,0.133,0.065,0.021
2023-06-12,0.133,0.054,0.303,0.192,0.096,0.01,0.127,0.065,0.02
2023-06-13,0.138,0.054,0.294,0.187,0.1,0.011,0.131,0.066,0.021
2023-06-14,0.135,0.055,0.296,0.191,0.094,0.011,0.131,0.066,0.022
2023-06-15,0.131,0.053,0.304,0.191,0.094,0.012,0.129,0.066,0.021
2023-06-16,0.137,0.055,0.308,0.186,0.089,0.011,0.126,0.067,0.021
2023-06-17,0.129,0.053,0.311,0.188,0.092,0.012,0.126,0.067,0.021
2023-06-18,0.128,0.054,0.314,0.19,0.09,0.011,0.126,0.066,0.02
2023-06-19,0.13,0.054,0.31,0.191,0.092,0.011,0.124,0.068,0.019
2023-06-20,0.128,0.051,0.308,0.193,0.092,0.013,0.127,0.067,0.021
2023-06-21,0.134,0.05,0.301,0.193,0.099,0.011,0.125,0.068,0.019
2023-06-22,0.13,0.051,0.304,0.198,0.092,0.012,0.128,0.065,0.021
2023-06-23,0.129,0.051,0.313,0.194,0.091,0.01,0.125,0.067,0.021
2023-06-24,0.135,0.052,0.309,0.191,0.09,0.012,0.127,0.065,0.02
2023-06-25,0.128,0.05,0.317,0.194,0.087,0.011,0.127,0.066,0.019
2023-06-26,0.132,0.05,0.31,0.196,0.09,0.012,0.128,0.063,0.02
2023-06-27,0.131,0.052,0.304,0.195,0.091,0.013,0.126,0.066,0.021
2023-06-28,0.132,0.052,0.303,0.19,0.092,0.012,0.128,0.068,0.023
2023-06-29,0.131,0.051,0.316,0.19,0.089,0.012,0.124,0.066,0.021
2023-06-30,0.128,0.05,0.297,0.2,0.094,0.011,0.132,0.068,0.02
2023-07-01,0.132,0.051,0.304,0.193,0.091,0.011,0.129,0.068,0.021
2023-07-02,0.129,0.055,0.307,0.189,0.092,0.01,0.128,0.068,0.021
2023-07-03,0.132,0.051,0.296,0.196,0.095,0.012,0.13,0.067,0.021
2023-07-04,0.13,0.052,0.307,0.195,0.092,0.012,0.127,0.064,0.021
2023-07-05,0.127,0.052,0.304,0.193,0.093,0.012,0.131,0.066,0.02
2023-07-06,0.123,0.05,0.311,0.197,0.09,0.011,0.129,0.066,0.021
2023-07-07,0.123,0.055,0.302,0.192,0.096,0.012,0.132,0.067,0.021
2023-07-08,0.128,0.051,0.314,0.19,0.087,0.011,0.13,0.067,0.022
2023-07-09,0.129,0.055,0.307,0.19,0.089,0.011,0.133,0.067,0.02
2023-07-10,0.128,0.053,0.301,0.19,0.098,0.011,0.132,0.068,0.02
2023-07-11,0.131,0.053,0.304,0.194,0.09,0.011,0.132,0.067,0.019
2023-07-12,0.129,0.054,0.303,0.192,0.09,0.012,0.13,0.068,0.021
2023-07-13,0.124,0.056,0.307,0.19,0.092,0.01,0.132,0.068,0.021
2023-07-14,0.127,0.057,0.306,0.188,0.09,0.012,0.131,0.067,0.021
2023-07-15,0.124,0.052,0.309,0.195,0.09,0.01,0.131,0.068,0.02
2023-07-16,0.124,0.054,0.31,0.192,0.085,0.013,0.135,0.067,0.022
2023-07-17,0.131,0.052,0.303,0.19,0.091,0.01,0.133,0.068,0.022
2023-07-18,0.125,0.053,0.303,0.196,0.094,0.01,0.13,0.067,0.022
2023-07-19,0.125,0.054,0.299,0.195,0.094,0.01,0.135,0.067,0.021
2023-07-20,0.124,0.052,0.301,0.196,0.093,0.011,0.13,0.069,0.023
2023-07-21,0.13,0.053,0.302,0.194,0.089,0.012,0.131,0.069,0.021
2023-07-22,0.123,0.05,0.305,0.199,0.087,0.012,0.131,0.069,0.022
2023-07-23,0.124,0.052,0.305,0.196,0.089,0.009,0.135,0.068,0.022
2023-07-24,0.122,0.053,0.303,0.197,0.093,0.01,0.131,0.069,0.022
2023-07-25,0.129,0.052,0.295,0.199,0.093,0.011,0.131,0.069,0.022
2023-07-26,0.125,0.052,0.301,0.197,0.09,0.011,0.132,0.069,0.022
2023-07-27,0.128,0.051,0.304,0.195,0.089,0.011,0.131,0.07,0.021
2023-07-28,0.125,0.047,0.3,0.2,0.093,0.011,0.133,0.071,0.022
2023-07-29,0.124,0.049,0.303,0.199,0.088,0.013,0.133,0.07,0.022
2023-07-30,0.125,0.048,0.302,0.199,0.09,0.011,0.134,0.069,0.022
2023-07-31,0.128,0.049,0.296,0.196,0.093,0.011,0.134,0.071,0.022
2023-08-01,0.124,0.053,0.294,0.194,0.093,0.011,0.135,0.074,0.022
2023-08-02,0.123,0.049,0.291,0.196,0.096,0.011,0.139,0.074,0.023
2023-08-03,0.121,0.05,0.295,0.201,0.092,0.01,0.136,0.074,0.022
2023-08-04,0.117,0.049,0.289,0.201,0.097,0.011,0.139,0.075,0.022
2023-08-05,0.12,0.053,0.305,0.193,0.088,0.011,0.136,0.072,0.022
2023-08-06,0.122,0.051,0.3,0.197,0.09,0.012,0.135,0.072,0.021
2023-08-07,0.116,0.052,0.288,0.195,0.099,0.011,0.141,0.077,0.021
2023-08-08,0.119,0.051,0.287,0.194,0.097,0.012,0.143,0.077,0.021
2023-08-09,0.113,0.051,0.301,0.195,0.092,0.011,0.139,0.077,0.021
2023-08-10,0.114,0.056,0.296,0.192,0.091,0.01,0.14,0.078,0.021
2023-08-11,0.11,0.049,0.295,0.195,0.096,0.011,0.143,0.08,0.021
2023-08-12,0.116,0.049,0.294,0.193,0.094,0.011,0.141,0.079,0.023
2023-08-13,0.116,0.048,0.296,0.194,0.093,0.012,0.142,0.077,0.022
2023-08-14,0.113,0.048,0.292,0.199,0.097,0.011,0.14,0.077,0.022
2023-08-15,0.112,0.053,0.285,0.196,0.098,0.011,0.143,0.078,0.024
2023-08-16,0.119,0.051,0.29,0.198,0.09,0.011,0.14,0.078,0.022
2023-08-17,0.111,0.049,0.291,0.201,0.094,0.011,0.141,0.078,0.023
2023-08-18,0.115,0.048,0.29,0.198,0.094,0.012,0.142,0.078,0.024
2023-08-19,0.115,0.053,0.3,0.191,0.092,0.011,0.14,0.077,0.021
2023-08-20,0.115,0.051,0.293,0.19,0.093,0.011,0.144,0.081,0.022
2023-08-21,0.118,0.049,0.283,0.19,0.101,0.012,0.141,0.082,0.024
2023-08-22,0.12,0.047,0.291,0.193,0.092,0.011,0.143,0.081,0.022
2023-08-23,0.117,0.043,0.297,0.191,0.092,0.011,0.143,0.082,0.023
2023-08-24,0.113,0.042,0.298,0.198,0.093,0.01,0.143,0.08,0.023
2023-08-25,0.116,0.048,0.295,0.192,0.092,0.011,0.143,0.08,0.024
2023-08-26,0.113,0.047,0.3,0.194,0.091,0.011,0.139,0.082,0.022
2023-08-27,0.107,0.047,0.291,0.197,0.092,0.012,0.146,0.083,0.024
2023-08-28,0.106,0.045,0.29,0.199,0.095,0.011,0.148,0.082,0.024
2023-08-29,0.11,0.047,0.287,0.199,0.095,0.011,0.146,0.081,0.024
2023-08-30,0.108,0.048,0.296,0.198,0.093,0.011,0.141,0.082,0.022
2023-08-31,0.11,0.048,0.284,0.196,0.097,0.012,0.148,0.082,0.023
2023-09-01,0.118,0.05,0.283,0.194,0.094,0.01,0.146,0.082,0.023
2023-09-02,0.112,0.047,0.287,0.199,0.091,0.011,0.148,0.083,0.021
2023-09-03,0.118,0.047,0.287,0.192,0.094,0.01,0.147,0.083,0.023
2023-09-04,0.11,0.047,0.285,0.197,0.098,0.01,0.148,0.083,0.022
2023-09-05,0.105,0.045,0.287,0.201,0.098,0.01,0.146,0.084,0.023
2023-09-06,0.114,0.046,0.288,0.193,0.099,0.009,0.145,0.083,0.023
2023-09-07,0.11,0.041,0.293,0.199,0.094,0.011,0.145,0.083,0.024
2023-09-08,0.099,0.044,0.288,0.202,0.101,0.01,0.149,0.083,0.023
2023-09-09,0.109,0.046,0.289,0.199,0.095,0.011,0.144,0.083,0.023
2023-09-10,0.11,0.047,0.293,0.199,0.093,0.011,0.144,0.081,0.022
2023-09-11,0.107,0.044,0.291,0.201,0.095,0.011,0.146,0.082,0.022
2023-09-12,0.108,0.042,0.294,0.201,0.095,0.01,0.146,0.079,0.024
2023-09-13,0.111,0.045,0.293,0.198,0.096,0.01,0.144,0.08,0.023
2023-09-14,0.106,0.045,0.292,0.201,0.092,0.011,0.147,0.083,0.023
2023-09-15,0.107,0.044,0.299,0.2,0.094,0.01,0.145,0.079,0.021
2023-09-16,0.102,0.041,0.304,0.204,0.093,0.011,0.142,0.079,0.023
2023-09-17,0.111,0.044,0.298,0.194,0.095,0.009,0.143,0.082,0.024
2023-09-18,0.109,0.045,0.288,0.2,0.098,0.01,0.147,0.08,0.023
2023-09-19,0.112,0.044,0.286,0.194,0.103,0.011,0.145,0.082,0.024
2023-09-20,0.11,0.043,0.288,0.196,0.1,0.01,0.147,0.081,0.025
2023-09-21,0.114,0.043,0.299,0.19,0.094,0.012,0.144,0.081,0.024
2023-09-22,0.111,0.042,0.298,0.195,0.097,0.011,0.143,0.08,0.023
2023-09-23,0.105,0.039,0.307,0.202,0.09,0.011,0.142,0.081,0.023
2023-09-24,0.103,0.043,0.309,0.197,0.093,0.01,0.141,0.08,0.023
2023-09-25,0.104,0.039,0.305,0.205,0.091,0.012,0.142,0.078,0.024
2023-09-26,0.104,0.04,0.309,0.203,0.092,0.01,0.14,0.079,0.022
2023-09-27,0.1,0.042,0.303,0.2,0.095,0.009,0.144,0.083,0.024
2023-09-28,0.103,0.042,0.312,0.209,0.093,0.011,0.146,0.067,0.018
2023-09-29,0.101,0.045,0.306,0.203,0.09,0.011,0.14,0.081,0.025
2023-09-30,0.101,0.044,0.304,0.201,0.089,0.012,0.144,0.082,0.024
2023-10-01,0.1,0.042,0.313,0.202,0.09,0.01,0.141,0.08,0.023
2023-10-02,0.104,0.043,0.299,0.2,0.095,0.01,0.146,0.081,0.022
2023-10-03,0.099,0.041,0.304,0.202,0.097,0.01,0.145,0.08,0.022
2023-10-04,0.111,0.045,0.289,0.2,0.099,0.011,0.144,0.08,0.021
2023-10-05,0.103,0.045,0.297,0.205,0.094,0.012,0.142,0.08,0.023
2023-10-06,0.101,0.045,0.296,0.204,0.096,0.01,0.146,0.078,0.023
2023-10-07,0.107,0.046,0.307,0.198,0.088,0.011,0.141,0.078,0.024
2023-10-08,0.101,0.045,0.303,0.204,0.089,0.012,0.143,0.08,0.022
2023-10-09,0.097,0.043,0.306,0.203,0.09,0.012,0.145,0.081,0.023
2023-10-10,0.106,0.047,0.301,0.199,0.091,0.012,0.143,0.079,0.023
2023-10-11,0.106,0.044,0.298,0.2,0.094,0.012,0.143,0.079,0.024
2023-10-12,0.095,0.044,0.301,0.206,0.093,0.013,0.146,0.079,0.023
2023-10-13,0.095,0.044,0.296,0.204,0.096,0.01,0.151,0.082,0.023
2023-10-14,0.099,0.041,0.317,0.203,0.082,0.01,0.144,0.079,0.024
2023-10-15,0.097,0.044,0.307,0.206,0.089,0.012,0.143,0.08,0.023
2023-10-16,0.095,0.043,0.303,0.204,0.089,0.013,0.147,0.082,0.023
2023-10-17,0.105,0.044,0.294,0.2,0.094,0.012,0.147,0.082,0.022
2023-10-18,0.101,0.042,0.304,0.201,0.095,0.009,0.145,0.08,0.024
2023-10-19,0.104,0.043,0.298,0.203,0.093,0.013,0.143,0.08,0.023
2023-10-20,0.098,0.041,0.297,0.209,0.096,0.01,0.144,0.079,0.024
2023-10-21,0.097,0.042,0.296,0.203,0.095,0.011,0.151,0.081,0.023
2023-10-22,0.098,0.04,0.303,0.208,0.092,0.011,0.144,0.081,0.024
2023-10-23,0.098,0.038,0.299,0.209,0.096,0.01,0.145,0.081,0.023
2023-10-24,0.098,0.039,0.287,0.21,0.102,0.011,0.148,0.081,0.024
2023-10-25,0.096,0.04,0.295,0.205,0.098,0.011,0.149,0.082,0.024
2023-10-26,0.102,0.038,0.299,0.203,0.095,0.011,0.148,0.081,0.024
2023-10-27,0.095,0.04,0.3,0.206,0.097,0.012,0.147,0.08,0.024
2023-10-28,0.094,0.042,0.296,0.204,0.095,0.011,0.153,0.08,0.024
2023-10-29,0.097,0.04,0.297,0.206,0.096,0.011,0.148,0.081,0.024
2023-10-30,0.101,0.041,0.292,0.205,0.097,0.01,0.148,0.082,0.023
2023-10-31,0.099,0.041,0.302,0.203,0.091,0.011,0.148,0.081,0.024
2023-11-01,0.096,0.041,0.292,0.209,0.098,0.011,0.148,0.082,0.023
2023-11-02,0.095,0.041,0.298,0.205,0.1,0.009,0.146,0.082,0.023
2023-11-03,0.092,0.04,0.294,0.209,0.097,0.011,0.151,0.083,0.024
2023-11-04,0.095,0.038,0.296,0.206,0.098,0.011,0.151,0.08,0.025
2023-11-05,0.093,0.038,0.29,0.207,0.105,0.011,0.15,0.082,0.024
2023-11-06,0.096,0.038,0.284,0.202,0.099,0.01,0.159,0.085,0.026
2023-11-07,0.092,0.037,0.289,0.203,0.102,0.01,0.156,0.086,0.025
2023-11-08,0.096,0.038,0.29,0.201,0.101,0.01,0.153,0.086,0.024
2023-11-09,0.089,0.045,0.285,0.205,0.102,0.011,0.155,0.085,0.023
2023-11-10,0.096,0.04,0.29,0.205,0.1,0.011,0.153,0.082,0.023
2023-11-11,0.095,0.034,0.295,0.202,0.097,0.012,0.154,0.086,0.024
2023-11-12,0.093,0.035,0.291,0.204,0.103,0.011,0.156,0.084,0.023
2023-11-13,0.088,0.04,0.297,0.2,0.1,0.012,0.153,0.087,0.023
2023-11-14,0.089,0.036,0.29,0.206,0.099,0.012,0.161,0.084,0.024
2023-11-15,0.089,0.039,0.292,0.204,0.1,0.012,0.154,0.084,0.025
2023-11-16,0.091,0.036,0.292,0.206,0.101,0.012,0.157,0.084,0.023
2023-11-17,0.093,0.036,0.293,0.204,0.1,0.011,0.154,0.085,0.023
2023-11-18,0.085,0.035,0.316,0.21,0.09,0.01,0.15,0.083,0.022
2023-11-19,0.084,0.036,0.29,0.21,0.102,0.011,0.158,0.084,0.024
2023-11-20,0.086,0.035,0.299,0.208,0.101,0.01,0.153,0.086,0.023
2023-11-21,0.087,0.034,0.294,0.209,0.099,0.011,0.156,0.086,0.024
2023-11-22,0.085,0.034,0.298,0.209,0.098,0.011,0.156,0.085,0.023
2023-11-23,0.082,0.034,0.284,0.213,0.107,0.011,0.16,0.085,0.024
2023-11-24,0.084,0.033,0.295,0.208,0.104,0.01,0.156,0.086,0.023
2023-11-25,0.082,0.031,0.304,0.215,0.096,0.011,0.154,0.085,0.023
2023-11-26,0.084,0.031,0.304,0.211,0.097,0.01,0.155,0.084,0.024
2023-11-27,0.079,0.03,0.305,0.213,0.094,0.011,0.158,0.085,0.025
2023-11-28,0.082,0.033,0.298,0.212,0.094,0.012,0.158,0.087,0.024
2023-11-29,0.084,0.034,0.293,0.21,0.098,0.011,0.16,0.085,0.024
2023-11-30,0.08,0.034,0.291,0.215,0.099,0.011,0.16,0.085,0.025
2023-12-01,0.082,0.035,0.293,0.215,0.096,0.011,0.157,0.084,0.026
2023-12-02,0.086,0.035,0.288,0.214,0.096,0.012,0.161,0.083,0.024
2023-12-03,0.081,0.031,0.296,0.218,0.097,0.013,0.157,0.085,0.022
2023-12-04,0.082,0.031,0.28,0.221,0.105,0.011,0.161,0.085,0.025
2023-12-05,0.091,0.035,0.286,0.219,0.094,0.011,0.16,0.082,0.023
2023-12-06,0.083,0.032,0.29,0.219,0.094,0.011,0.162,0.086,0.024
2023-12-07,0.082,0.035,0.283,0.221,0.091,0.011,0.165,0.087,0.024
2023-12-08,0.08,0.037,0.283,0.219,0.104,0.009,0.159,0.085,0.025
2023-12-09,0.073,0.034,0.291,0.222,0.099,0.01,0.162,0.084,0.025
2023-12-10,0.075,0.031,0.285,0.226,0.098,0.011,0.165,0.084,0.024
2023-12-11,0.072,0.031,0.283,0.226,0.104,0.011,0.166,0.084,0.025
2023-12-12,0.072,0.031,0.291,0.229,0.095,0.011,0.164,0.083,0.025
2023-12-13,0.068,0.032,0.293,0.226,0.096,0.01,0.166,0.082,0.026
2023-12-14,0.074,0.032,0.295,0.217,0.098,0.01,0.166,0.085,0.025
2023-12-15,0.072,0.03,0.29,0.222,0.096,0.012,0.166,0.087,0.026
2023-12-16,0.073,0.031,0.28,0.224,0.102,0.01,0.17,0.085,0.025
2023-12-17,0.076,0.028,0.294,0.22,0.095,0.011,0.165,0.084,0.025
2023-12-18,0.073,0.032,0.283,0.22,0.101,0.011,0.168,0.086,0.025
2023-12-19,0.072,0.031,0.287,0.225,0.101,0.011,0.165,0.083,0.025
2023-12-20,0.073,0.033,0.295,0.218,0.092,0.012,0.168,0.083,0.025
2023-12-21,0.079,0.032,0.285,0.22,0.099,0.012,0.167,0.082,0.025
2023-12-22,0.07,0.035,0.297,0.224,0.092,0.01,0.166,0.081,0.025
2023-12-23,0.077,0.032,0.291,0.217,0.096,0.012,0.166,0.083,0.025
2023-12-24,0.071,0.031,0.287,0.221,0.101,0.011,0.169,0.083,0.026
2023-12-25,0.072,0.031,0.297,0.224,0.095,0.012,0.164,0.08,0.026
2023-12-26,0.067,0.033,0.303,0.224,0.091,0.012,0.167,0.079,0.025
2023-12-27,0.064,0.031,0.297,0.231,0.097,0.012,0.166,0.079,0.023
2023-12-28,0.074,0.031,0.294,0.226,0.098,0.013,0.167,0.074,0.023
2023-12-29,0.065,0.03,0.296,0.23,0.097,0.012,0.168,0.078,0.025
2023-12-30,0.061,0.029,0.297,0.233,0.1,0.013,0.164,0.079,0.024
2023-12-31,0.068,0.031,0.305,0.226,0.094,0.011,0.164,0.077,0.023
2024-01-01,0.069,0.029,0.296,0.229,0.097,0.009,0.168,0.079,0.023
2024-01-02,0.078,0.029,0.293,0.224,0.096,0.012,0.167,0.079,0.023
2024-01-03,0.066,0.029,0.293,0.235,0.095,0.012,0.169,0.077,0.023
2024-01-04,0.066,0.031,0.297,0.229,0.098,0.009,0.165,0.08,0.023
2024-01-05,0.077,0.032,0.284,0.23,0.1,0.011,0.165,0.077,0.024
2024-01-06,0.063,0.028,0.297,0.232,0.098,0.011,0.167,0.079,0.024
2024-01-07,0.071,0.032,0.298,0.227,0.093,0.013,0.163,0.078,0.025
2024-01-08,0.068,0.031,0.303,0.229,0.094,0.011,0.162,0.077,0.025
2024-01-09,0.068,0.031,0.299,0.23,0.095,0.011,0.162,0.08,0.025
2024-01-10,0.065,0.03,0.299,0.228,0.097,0.011,0.165,0.079,0.025
2024-01-11,0.062,0.029,0.302,0.229,0.096,0.011,0.166,0.08,0.025
2024-01-12,0.07,0.032,0.297,0.225,0.092,0.011,0.164,0.082,0.024
2024-01-13,0.068,0.033,0.309,0.226,0.089,0.012,0.159,0.079,0.025
2024-01-14,0.068,0.03,0.302,0.224,0.096,0.012,0.162,0.082,0.025
2024-01-15,0.084,0.028,0.338,0.222,0.061,0.008,0.154,0.078,0.026
2024-01-16,0.083,0.028,0.328,0.23,0.064,0.008,0.155,0.078,0.027
2024-01-17,0.084,0.027,0.334,0.229,0.063,0.008,0.151,0.08,0.024
2024-01-18,0.091,0.029,0.325,0.24,0.059,0.007,0.149,0.077,0.024
2024-01-19,0.085,0.031,0.309,0.24,0.067,0.007,0.156,0.08,0.025
2024-01-20,0.086,0.029,0.328,0.226,0.064,0.007,0.155,0.08,0.026
2024-01-21,0.086,0.026,0.331,0.227,0.062,0.008,0.155,0.079,0.025
2024-01-22,0.086,0.028,0.332,0.224,0.063,0.009,0.153,0.08,0.026
2024-01-23,0.085,0.028,0.332,0.229,0.061,0.008,0.154,0.08,0.025
2024-01-24,0.085,0.028,0.333,0.23,0.062,0.007,0.15,0.079,0.026
2024-01-25,0.084,0.029,0.315,0.244,0.064,0.007,0.147,0.082,0.027
2024-01-26,0.088,0.031,0.303,0.244,0.065,0.007,0.157,0.08,0.027
2024-01-27,0.08,0.029,0.325,0.238,0.063,0.008,0.151,0.08,0.026
2024-01-28,0.082,0.026,0.322,0.236,0.066,0.008,0.154,0.081,0.025
2024-01-29,0.079,0.028,0.333,0.232,0.062,0.008,0.152,0.081,0.025
2024-01-30,0.082,0.029,0.311,0.24,0.071,0.008,0.154,0.08,0.026
2024-01-31,0.077,0.025,0.321,0.246,0.065,0.007,0.155,0.08,0.025
2024-02-01,0.083,0.026,0.31,0.254,0.062,0.008,0.154,0.079,0.024
2024-02-02,0.081,0.026,0.313,0.253,0.067,0.006,0.151,0.079,0.025
2024-02-03,0.076,0.025,0.318,0.26,0.059,0.007,0.152,0.079,0.025
2024-02-04,0.074,0.025,0.321,0.259,0.06,0.007,0.15,0.079,0.025
2024-02-05,0.08,0.024,0.325,0.253,0.058,0.007,0.149,0.078,0.026
2024-02-06,0.074,0.024,0.329,0.254,0.06,0.007,0.148,0.079,0.025
2024-02-07,0.074,0.024,0.324,0.256,0.06,0.008,0.15,0.078,0.025
2024-02-08,0.073,0.026,0.314,0.251,0.066,0.008,0.156,0.081,0.026
2024-02-09,0.073,0.024,0.325,0.253,0.06,0.008,0.152,0.08,0.026
2024-02-10,0.071,0.025,0.322,0.249,0.066,0.008,0.151,0.08,0.028
2024-02-11,0.073,0.026,0.316,0.249,0.067,0.008,0.153,0.08,0.028
2024-02-12,0.07,0.026,0.309,0.258,0.068,0.007,0.154,0.08,0.029
2024-02-13,0.071,0.026,0.317,0.249,0.067,0.008,0.153,0.081,0.028
2024-02-14,0.072,0.023,0.315,0.253,0.068,0.007,0.153,0.08,0.028
2024-02-15,0.071,0.023,0.324,0.252,0.063,0.006,0.153,0.08,0.028
2024-02-16,0.074,0.025,0.317,0.249,0.065,0.008,0.154,0.079,0.029
2024-02-17,0.077,0.024,0.306,0.255,0.069,0.008,0.154,0.08,0.028
2024-02-18,0.073,0.024,0.306,0.255,0.068,0.008,0.157,0.081,0.028
2024-02-19,0.073,0.024,0.311,0.254,0.064,0.007,0.156,0.081,0.029
2024-02-20,0.076,0.024,0.315,0.249,0.066,0.008,0.155,0.08,0.029
2024-02-21,0.071,0.026,0.315,0.248,0.068,0.007,0.155,0.081,0.029
2024-02-22,0.074,0.027,0.315,0.245,0.064,0.008,0.156,0.08,0.03
2024-02-23,0.071,0.024,0.319,0.251,0.065,0.008,0.152,0.082,0.03
2024-02-24,0.073,0.026,0.317,0.246,0.063,0.008,0.157,0.08,0.03
2024-02-25,0.07,0.025,0.324,0.248,0.064,0.008,0.151,0.08,0.03
2024-02-26,0.073,0.024,0.321,0.246,0.068,0.007,0.153,0.08,0.029
2024-02-27,0.071,0.026,0.322,0.246,0.064,0.008,0.154,0.08,0.029
2024-02-28,0.072,0.025,0.317,0.248,0.064,0.008,0.155,0.081,0.03
2024-02-29,0.074,0.026,0.324,0.247,0.059,0.009,0.154,0.079,0.028
2024-03-01,0.073,0.025,0.317,0.248,0.067,0.006,0.155,0.081,0.028
2024-03-02,0.075,0.026,0.318,0.243,0.067,0.007,0.155,0.081,0.027
2024-03-03,0.075,0.024,0.321,0.245,0.065,0.008,0.154,0.08,0.027
2024-03-04,0.073,0.026,0.333,0.243,0.058,0.007,0.153,0.079,0.027
2024-03-05,0.074,0.022,0.32,0.25,0.063,0.009,0.156,0.079,0.028
2024-03-06,0.07,0.024,0.329,0.248,0.063,0.008,0.152,0.079,0.027
2024-03-07,0.071,0.026,0.317,0.25,0.066,0.008,0.155,0.079,0.027
2024-03-08,0.076,0.026,0.32,0.248,0.067,0.007,0.153,0.076,0.027
2024-03-09,0.072,0.025,0.319,0.248,0.065,0.009,0.156,0.079,0.027
2024-03-10,0.075,0.026,0.324,0.247,0.063,0.008,0.152,0.078,0.027
2024-03-11,0.073,0.025,0.325,0.247,0.062,0.008,0.154,0.078,0.027
2024-03-12,0.072,0.024,0.317,0.25,0.067,0.008,0.156,0.08,0.025
2024-03-13,0.071,0.023,0.323,0.252,0.063,0.007,0.156,0.079,0.026
2024-03-14,0.076,0.023,0.318,0.244,0.067,0.008,0.157,0.08,0.026
2024-03-15,0.071,0.024,0.318,0.248,0.067,0.008,0.156,0.08,0.027
2024-03-16,0.072,0.023,0.326,0.252,0.06,0.008,0.153,0.078,0.027
2024-03-17,0.072,0.022,0.317,0.252,0.066,0.008,0.156,0.079,0.028
2024-03-18,0.07,0.022,0.314,0.251,0.07,0.007,0.16,0.08,0.026
2024-03-19,0.071,0.024,0.312,0.254,0.068,0.008,0.155,0.08,0.027
2024-03-20,0.071,0.022,0.31,0.255,0.069,0.008,0.157,0.08,0.028
2024-03-21,0.07,0.021,0.312,0.254,0.069,0.008,0.156,0.081,0.028
2024-03-22,0.069,0.022,0.304,0.264,0.067,0.008,0.157,0.081,0.028
2024-03-23,0.072,0.024,0.306,0.27,0.059,0.008,0.154,0.08,0.028
2024-03-24,0.069,0.025,0.314,0.259,0.063,0.007,0.154,0.08,0.028
2024-03-25,0.074,0.024,0.298,0.268,0.065,0.008,0.153,0.081,0.029
2024-03-26,0.07,0.023,0.299,0.265,0.069,0.007,0.157,0.08,0.03
2024-03-27,0.072,0.024,0.305,0.256,0.066,0.008,0.159,0.08,0.03
2024-03-28,0.067,0.024,0.299,0.261,0.071,0.008,0.159,0.081,0.03
2024-03-29,0.069,0.021,0.309,0.259,0.067,0.008,0.159,0.08,0.029
2024-03-30,0.069,0.023,0.302,0.258,0.069,0.008,0.16,0.081,0.029
2024-03-31,0.067,0.023,0.314,0.256,0.062,0.009,0.158,0.081,0.029
2024-04-01,0.068,0.023,0.305,0.257,0.07,0.008,0.159,0.08,0.03
2024-04-02,0.068,0.022,0.306,0.256,0.069,0.009,0.159,0.081,0.029
2024-04-03,0.067,0.023,0.315,0.25,0.067,0.008,0.161,0.08,0.029
2024-04-04,0.069,0.023,0.323,0.25,0.064,0.006,0.157,0.08,0.029
2024-04-05,0.07,0.022,0.32,0.248,0.065,0.008,0.159,0.079,0.029
2024-04-06,0.072,0.022,0.311,0.256,0.067,0.008,0.155,0.08,0.03
2024-04-07,0.07,0.022,0.308,0.254,0.067,0.008,0.161,0.08,0.03
2024-04-08,0.068,0.023,0.298,0.258,0.073,0.009,0.163,0.08,0.029
2024-04-09,0.074,0.021,0.296,0.258,0.068,0.008,0.164,0.082,0.029
2024-04-10,0.07,0.023,0.283,0.265,0.078,0.008,0.162,0.082,0.029
2024-04-11,0.07,0.022,0.286,0.265,0.074,0.008,0.165,0.082,0.028
2024-04-12,0.067,0.022,0.295,0.266,0.068,0.009,0.161,0.082,0.03
2024-04-13,0.064,0.023,0.279,0.273,0.073,0.009,0.167,0.082,0.029
2024-04-14,0.063,0.02,0.274,0.279,0.077,0.009,0.166,0.081,0.03
2024-04-15,0.068,0.022,0.273,0.277,0.076,0.007,0.166,0.081,0.029
2024-04-16,0.068,0.023,0.294,0.281,0.062,0.008,0.157,0.079,0.029
2024-04-17,0.066,0.02,0.269,0.294,0.067,0.008,0.166,0.08,0.028
2024-04-18,0.065,0.023,0.266,0.296,0.07,0.009,0.162,0.08,0.028
2024-04-19,0.066,0.022,0.274,0.291,0.07,0.009,0.16,0.08,0.029
2024-04-20,0.064,0.021,0.258,0.304,0.074,0.007,0.161,0.081,0.029
2024-04-21,0.065,0.02,0.272,0.296,0.068,0.008,0.16,0.08,0.031
2024-04-22,0.067,0.023,0.279,0.305,0.069,0.009,0.165,0.056,0.027
2024-04-23,0.063,0.02,0.289,0.3,0.071,0.008,0.164,0.057,0.029
2024-04-24,0.061,0.019,0.291,0.301,0.066,0.009,0.17,0.055,0.028
2024-04-25,0.062,0.021,0.29,0.3,0.067,0.008,0.166,0.056,0.029
2024-04-26,0.062,0.021,0.298,0.294,0.069,0.009,0.162,0.056,0.03
2024-04-27,0.063,0.021,0.298,0.293,0.069,0.008,0.162,0.056,0.03
2024-04-28,0.065,0.022,0.293,0.295,0.068,0.009,0.161,0.057,0.031
2024-04-29,0.063,0.021,0.296,0.292,0.066,0.007,0.159,0.062,0.034
2024-04-30,0.063,0.022,0.294,0.289,0.067,0.007,0.162,0.064,0.033
2024-05-01,0.065,0.024,0.261,0.304,0.075,0.007,0.162,0.068,0.034
2024-05-02,0.068,0.026,0.27,0.297,0.072,0.008,0.162,0.063,0.034
2024-05-03,0.064,0.023,0.276,0.298,0.069,0.007,0.16,0.067,0.035
2024-05-04,0.063,0.024,0.272,0.303,0.068,0.007,0.16,0.068,0.036
2024-05-05,0.063,0.023,0.278,0.301,0.065,0.007,0.156,0.07,0.037
2024-05-06,0.065,0.02,0.279,0.296,0.067,0.008,0.159,0.071,0.036
2024-05-07,0.064,0.023,0.28,0.294,0.064,0.008,0.159,0.071,0.037
2024-05-08,0.067,0.023,0.268,0.295,0.069,0.007,0.161,0.073,0.038
2024-05-09,0.07,0.024,0.253,0.301,0.071,0.006,0.165,0.074,0.036
2024-05-10,0.065,0.021,0.256,0.299,0.072,0.008,0.165,0.076,0.037
2024-05-11,0.063,0.022,0.26,0.297,0.071,0.007,0.164,0.075,0.039
2024-05-12,0.069,0.024,0.267,0.293,0.067,0.006,0.158,0.076,0.039
2024-05-13,0.07,0.027,0.255,0.29,0.071,0.008,0.163,0.077,0.04
2024-05-14,0.071,0.026,0.257,0.292,0.069,0.006,0.162,0.078,0.039
2024-05-15,0.075,0.028,0.224,0.315,0.071,0.007,0.162,0.078,0.039
2024-05-16,0.075,0.029,0.236,0.305,0.069,0.007,0.163,0.076,0.041
2024-05-17,0.074,0.027,0.238,0.297,0.072,0.007,0.165,0.078,0.042
2024-05-18,0.066,0.025,0.273,0.276,0.069,0.006,0.163,0.078,0.044
2024-05-19,0.076,0.024,0.252,0.292,0.066,0.007,0.163,0.077,0.043
2024-05-20,0.072,0.024,0.244,0.291,0.072,0.007,0.168,0.078,0.044
2024-05-21,0.078,0.027,0.234,0.305,0.066,0.007,0.163,0.078,0.043
2024-05-22,0.083,0.027,0.211,0.34,0.061,0.006,0.152,0.078,0.042
2024-05-23,0.076,0.027,0.22,0.321,0.067,0.008,0.161,0.078,0.042
2024-05-24,0.064,0.024,0.271,0.271,0.07,0.007,0.168,0.082,0.044
2024-05-25,0.079,0.026,0.227,0.311,0.069,0.007,0.159,0.078,0.043
2024-05-26,0.073,0.023,0.25,0.291,0.065,0.007,0.167,0.078,0.045
2024-05-27,0.066,0.021,0.252,0.278,0.071,0.008,0.173,0.083,0.047
2024-05-28,0.067,0.022,0.256,0.278,0.07,0.007,0.173,0.082,0.046
2024-05-29,0.071,0.026,0.233,0.302,0.069,0.007,0.167,0.08,0.045
2024-05-30,0.067,0.022,0.255,0.269,0.074,0.007,0.175,0.083,0.048
2024-05-31,0.067,0.024,0.277,0.263,0.066,0.007,0.167,0.08,0.048
2024-06-01,0.064,0.023,0.275,0.267,0.066,0.007,0.168,0.082,0.048
2024-06-02,0.067,0.022,0.27,0.273,0.065,0.007,0.167,0.081,0.049
2024-06-03,0.065,0.02,0.258,0.267,0.072,0.007,0.177,0.082,0.05
2024-06-04,0.063,0.022,0.26,0.267,0.071,0.008,0.176,0.085,0.049
2024-06-05,0.065,0.021,0.252,0.276,0.073,0.007,0.173,0.083,0.05
2024-06-06,0.068,0.022,0.248,0.276,0.071,0.007,0.177,0.083,0.049
2024-06-07,0.068,0.022,0.244,0.273,0.074,0.007,0.178,0.084,0.05
2024-06-08,0.067,0.022,0.256,0.267,0.07,0.008,0.173,0.082,0.053
2024-06-09,0.062,0.023,0.26,0.268,0.069,0.007,0.177,0.082,0.051
2024-06-10,0.066,0.022,0.257,0.269,0.071,0.007,0.173,0.082,0.052
2024-06-11,0.07,0.024,0.245,0.283,0.068,0.008,0.169,0.081,0.052
2024-06-12,0.072,0.025,0.229,0.298,0.069,0.007,0.167,0.083,0.051
2024-06-13,0.07,0.024,0.25,0.272,0.07,0.007,0.174,0.083,0.051
2024-06-14,0.06,0.023,0.26,0.265,0.072,0.007,0.175,0.084,0.055
2024-06-15,0.062,0.02,0.273,0.263,0.066,0.007,0.173,0.084,0.053
2024-06-16,0.068,0.021,0.271,0.261,0.063,0.007,0.17,0.083,0.055
2024-06-17,0.083,0.025,0.217,0.312,0.062,0.007,0.162,0.079,0.053
2024-06-18,0.068,0.021,0.266,0.263,0.066,0.007,0.171,0.084,0.054
2024-06-19,0.071,0.023,0.26,0.259,0.07,0.007,0.172,0.085,0.053
2024-06-20,0.068,0.021,0.261,0.26,0.069,0.008,0.175,0.085,0.053
2024-06-21,0.067,0.021,0.263,0.262,0.068,0.007,0.174,0.084,0.055
2024-06-22,0.066,0.022,0.265,0.261,0.066,0.007,0.172,0.084,0.057
2024-06-23,0.068,0.021,0.276,0.258,0.063,0.007,0.169,0.082,0.057
2024-06-24,0.068,0.022,0.27,0.262,0.063,0.006,0.168,0.084,0.057
2024-06-25,0.067,0.024,0.254,0.267,0.07,0.007,0.173,0.084,0.055
2024-06-26,0.067,0.022,0.264,0.261,0.066,0.007,0.173,0.085,0.055
2024-06-27,0.069,0.023,0.258,0.264,0.068,0.007,0.171,0.085,0.055
2024-06-28,0.071,0.024,0.257,0.261,0.066,0.007,0.175,0.083,0.057
2024-06-29,0.066,0.024,0.259,0.262,0.066,0.008,0.172,0.086,0.056
2024-06-30,0.067,0.025,0.257,0.26,0.068,0.007,0.174,0.086,0.056
2024-07-01,0.065,0.02,0.259,0.265,0.067,0.007,0.173,0.086,0.058
2024-07-02,0.066,0.021,0.253,0.264,0.068,0.007,0.177,0.087,0.057
2024-07-03,0.067,0.022,0.259,0.264,0.066,0.006,0.171,0.086,0.059
2024-07-04,0.063,0.02,0.249,0.267,0.074,0.007,0.175,0.087,0.06
2024-07-05,0.065,0.025,0.256,0.265,0.064,0.006,0.171,0.087,0.059
2024-07-06,0.064,0.025,0.276,0.263,0.056,0.007,0.165,0.082,0.062
2024-07-07,0.066,0.025,0.258,0.274,0.062,0.006,0.166,0.083,0.06
2024-07-08,0.064,0.023,0.267,0.265,0.06,0.007,0.169,0.084,0.061
2024-07-09,0.066,0.023,0.267,0.264,0.059,0.006,0.169,0.085,0.062
2024-07-10,0.063,0.023,0.277,0.259,0.056,0.007,0.168,0.084,0.063
2024-07-11,0.07,0.02,0.261,0.27,0.056,0.008,0.167,0.086,0.061
2024-07-12,0.063,0.023,0.256,0.269,0.064,0.007,0.171,0.086,0.06
2024-07-13,0.064,0.022,0.25,0.276,0.064,0.007,0.171,0.086,0.06
2024-07-14,0.069,0.024,0.256,0.276,0.058,0.006,0.167,0.085,0.059
2024-07-15,0.064,0.02,0.252,0.276,0.066,0.004,0.171,0.085,0.062
2024-07-16,0.061,0.022,0.264,0.269,0.06,0.006,0.169,0.084,0.063
2024-07-17,0.066,0.022,0.25,0.271,0.066,0.007,0.174,0.085,0.06
2024-07-18,0.067,0.024,0.255,0.267,0.062,0.007,0.172,0.085,0.06
2024-07-19,0.067,0.023,0.251,0.273,0.064,0.006,0.169,0.084,0.062
2024-07-20,0.064,0.021,0.26,0.272,0.06,0.007,0.171,0.083,0.062
2024-07-21,0.065,0.022,0.26,0.276,0.06,0.006,0.166,0.083,0.062
2024-07-22,0.06,0.021,0.257,0.28,0.061,0.006,0.17,0.083,0.062
2024-07-23,0.058,0.018,0.253,0.284,0.064,0.006,0.17,0.084,0.063
2024-07-24,0.059,0.02,0.247,0.287,0.066,0.007,0.17,0.083,0.062
2024-07-25,0.056,0.019,0.252,0.291,0.064,0.005,0.167,0.084,0.062
2024-07-26,0.053,0.019,0.255,0.289,0.06,0.006,0.169,0.085,0.063
2024-07-27,0.052,0.019,0.266,0.288,0.056,0.006,0.166,0.083,0.063
2024-07-28,0.052,0.018,0.255,0.291,0.061,0.007,0.169,0.084,0.063
2024-07-29,0.056,0.018,0.253,0.289,0.061,0.005,0.171,0.084,0.064
2024-07-30,0.06,0.019,0.243,0.289,0.062,0.007,0.172,0.085,0.063
2024-07-31,0.072,0.018,0.251,0.277,0.061,0.006,0.168,0.084,0.062
2024-08-01,0.08,0.02,0.232,0.283,0.061,0.006,0.168,0.087,0.063
2024-08-02,0.066,0.019,0.256,0.278,0.058,0.006,0.169,0.085,0.063
2024-08-03,0.069,0.019,0.254,0.275,0.057,0.007,0.171,0.084,0.064
2024-08-04,0.069,0.019,0.259,0.272,0.054,0.007,0.171,0.085,0.064
2024-08-05,0.072,0.02,0.247,0.273,0.061,0.005,0.174,0.084,0.064
2024-08-06,0.075,0.018,0.248,0.274,0.056,0.006,0.173,0.085,0.064
2024-08-07,0.074,0.021,0.243,0.274,0.06,0.006,0.172,0.086,0.063
2024-08-08,0.072,0.021,0.25,0.271,0.059,0.005,0.171,0.085,0.065
2024-08-09,0.071,0.02,0.25,0.271,0.059,0.006,0.172,0.085,0.066
2024-08-10,0.064,0.019,0.256,0.277,0.056,0.006,0.17,0.086,0.067
2024-08-11,0.072,0.021,0.252,0.27,0.056,0.006,0.17,0.086,0.067
2024-08-12,0.071,0.021,0.245,0.272,0.062,0.006,0.17,0.086,0.068
2024-08-13,0.072,0.02,0.244,0.272,0.06,0.006,0.173,0.086,0.067
2024-08-14,0.068,0.021,0.241,0.275,0.061,0.005,0.177,0.088,0.065
2024-08-15,0.074,0.021,0.253,0.27,0.056,0.005,0.168,0.085,0.07
2024-08-16,0.076,0.021,0.236,0.27,0.062,0.006,0.172,0.089,0.067
2024-08-17,0.068,0.022,0.244,0.272,0.057,0.006,0.175,0.088,0.069
2024-08-18,0.067,0.02,0.244,0.275,0.058,0.006,0.173,0.087,0.07
2024-08-19,0.067,0.021,0.244,0.272,0.057,0.006,0.173,0.087,0.072
2024-08-20,0.075,0.019,0.241,0.269,0.06,0.005,0.172,0.087,0.072
2024-08-21,0.074,0.021,0.247,0.267,0.054,0.005,0.174,0.087,0.072
2024-08-22,0.072,0.019,0.24,0.27,0.059,0.006,0.175,0.088,0.07
2024-08-23,0.075,0.021,0.233,0.271,0.062,0.006,0.174,0.087,0.072
2024-08-24,0.067,0.02,0.243,0.274,0.057,0.005,0.175,0.088,0.071
2024-08-25,0.063,0.02,0.238,0.276,0.06,0.006,0.176,0.089,0.072
2024-08-26,0.07,0.021,0.252,0.272,0.052,0.005,0.17,0.085,0.073
2024-08-27,0.071,0.02,0.243,0.273,0.055,0.006,0.172,0.087,0.073
2024-08-28,0.066,0.018,0.229,0.277,0.063,0.006,0.179,0.091,0.072
2024-08-29,0.073,0.023,0.225,0.275,0.064,0.006,0.175,0.089,0.072
2024-08-30,0.074,0.019,0.228,0.274,0.063,0.006,0.176,0.088,0.072
2024-08-31,0.067,0.022,0.227,0.273,0.062,0.006,0.18,0.09,0.074
2024-09-01,0.073,0.021,0.227,0.271,0.063,0.004,0.177,0.09,0.073
2024-09-02,0.075,0.021,0.231,0.27,0.061,0.005,0.175,0.089,0.072
2024-09-03,0.072,0.02,0.232,0.271,0.062,0.005,0.176,0.087,0.074
2024-09-04,0.07,0.023,0.235,0.27,0.06,0.007,0.175,0.088,0.073
2024-09-05,0.069,0.021,0.229,0.272,0.061,0.006,0.18,0.088,0.074
2024-09-06,0.07,0.021,0.229,0.271,0.061,0.006,0.18,0.089,0.075
2024-09-07,0.072,0.018,0.23,0.283,0.056,0.006,0.173,0.088,0.073
2024-09-08,0.069,0.021,0.239,0.27,0.058,0.006,0.173,0.086,0.077
2024-09-09,0.067,0.019,0.233,0.271,0.062,0.007,0.176,0.089,0.076
2024-09-10,0.072,0.021,0.228,0.267,0.062,0.006,0.179,0.089,0.076
2024-09-11,0.075,0.022,0.227,0.269,0.059,0.006,0.177,0.088,0.077
2024-09-12,0.07,0.022,0.239,0.267,0.057,0.006,0.174,0.086,0.078
2024-09-13,0.073,0.024,0.234,0.265,0.059,0.006,0.176,0.086,0.078
2024-09-14,0.071,0.024,0.248,0.267,0.051,0.006,0.172,0.085,0.077
2024-09-15,0.079,0.025,0.207,0.294,0.054,0.006,0.172,0.089,0.074
2024-09-16,0.076,0.022,0.232,0.267,0.058,0.005,0.177,0.086,0.076
2024-09-17,0.073,0.024,0.239,0.267,0.053,0.006,0.175,0.085,0.08
2024-09-18,0.073,0.026,0.23,0.268,0.058,0.005,0.175,0.086,0.078
2024-09-19,0.07,0.026,0.225,0.272,0.059,0.006,0.177,0.088,0.077
2024-09-20,0.074,0.022,0.234,0.271,0.056,0.005,0.176,0.084,0.079
2024-09-21,0.072,0.026,0.227,0.278,0.055,0.005,0.172,0.086,0.079
2024-09-22,0.075,0.024,0.231,0.272,0.055,0.005,0.174,0.086,0.078
2024-09-23,0.079,0.026,0.215,0.29,0.053,0.005,0.167,0.089,0.078
2024-09-24,0.075,0.024,0.227,0.268,0.058,0.005,0.176,0.087,0.079
2024-09-25,0.072,0.027,0.23,0.269,0.058,0.005,0.175,0.087,0.078
